game_id,game_date,game_home_team,game_home_team_score,game_season,game_visitor_team,game_visitor_team_score
857355,2022-10-18,Celtics,126,2022,76ers,117
857356,2022-10-18,Warriors,123,2022,Lakers,109
857357,2022-10-19,Pacers,107,2022,Wizards,114
857358,2022-10-19,Pistons,113,2022,Magic,109
857359,2022-10-19,Nets,108,2022,Pelicans,130
857360,2022-10-19,Hawks,117,2022,Rockets,107
857361,2022-10-19,Heat,108,2022,Bulls,116
857362,2022-10-19,Raptors,108,2022,Cavaliers,105
857363,2022-10-19,Grizzlies,115,2022,Knicks,112
857364,2022-10-19,Timberwolves,115,2022,Thunder,108
857365,2022-10-19,Suns,107,2022,Mavericks,105
857366,2022-10-19,Spurs,102,2022,Hornets,129
857367,2022-10-19,Jazz,123,2022,Nuggets,102
857368,2022-10-19,Kings,108,2022,Trail Blazers,115
857369,2022-10-20,Lakers,97,2022,Clippers,103
857370,2022-10-20,76ers,88,2022,Bucks,90
857371,2022-10-21,Nets,109,2022,Raptors,105
857372,2022-10-21,Knicks,130,2022,Pistons,106
857373,2022-10-21,Pacers,134,2022,Spurs,137
857374,2022-10-21,Wizards,102,2022,Bulls,100
857375,2022-10-21,Heat,104,2022,Celtics,111
857376,2022-10-21,Rockets,122,2022,Grizzlies,129
857377,2022-10-21,Warriors,123,2022,Nuggets,128
857378,2022-10-21,Timberwolves,126,2022,Jazz,132
857379,2022-10-21,Hornets,112,2022,Pelicans,124
857380,2022-10-21,Hawks,108,2022,Magic,98
857381,2022-10-21,Trail Blazers,113,2022,Suns,111
857382,2022-10-22,76ers,105,2022,Spurs,114
857383,2022-10-22,Bulls,96,2022,Cavaliers,128
857384,2022-10-22,Heat,112,2022,Raptors,109
857385,2022-10-22,Magic,120,2022,Celtics,126
857386,2022-10-22,Pacers,124,2022,Pistons,115
857387,2022-10-22,Kings,109,2022,Clippers,111
857388,2022-10-22,Nuggets,122,2022,Thunder,117
857389,2022-10-22,Bucks,125,2022,Rockets,105
857390,2022-10-22,Mavericks,137,2022,Grizzlies,96
857391,2022-10-23,Lakers,104,2022,Trail Blazers,106
857392,2022-10-23,Hawks,109,2022,Hornets,126
857393,2022-10-23,Cavaliers,117,2022,Wizards,107
857394,2022-10-23,Pelicans,121,2022,Jazz,122
857395,2022-10-23,Clippers,95,2022,Suns,112
857396,2022-10-23,Thunder,106,2022,Timberwolves,116
857397,2022-10-23,Warriors,130,2022,Kings,125
857398,2022-10-24,Rockets,114,2022,Jazz,108
857399,2022-10-24,Heat,90,2022,Raptors,98
857400,2022-10-24,Knicks,115,2022,Magic,102
857401,2022-10-24,Timberwolves,106,2022,Spurs,115
857402,2022-10-24,Bulls,120,2022,Celtics,102
857403,2022-10-24,76ers,120,2022,Pacers,106
857404,2022-10-24,Grizzlies,134,2022,Nets,124
857405,2022-10-24,Trail Blazers,135,2022,Nuggets,110
857406,2022-10-25,Thunder,108,2022,Clippers,94
857407,2022-10-25,Wizards,120,2022,Pistons,99
857408,2022-10-25,Suns,134,2022,Warriors,105
857409,2022-10-25,Pelicans,113,2022,Mavericks,111
857410,2022-10-26,Trail Blazers,98,2022,Heat,119
857411,2022-10-26,Nuggets,110,2022,Lakers,99
857412,2022-10-26,Raptors,119,2022,76ers,109
857413,2022-10-26,Cavaliers,103,2022,Magic,92
857414,2022-10-26,Knicks,134,2022,Hornets,131
857415,2022-10-26,Bulls,124,2022,Pacers,109
857416,2022-10-26,Timberwolves,134,2022,Spurs,122
857417,2022-10-26,Bucks,110,2022,Nets,99
857418,2022-10-26,Jazz,109,2022,Rockets,101
857419,2022-10-26,Pistons,113,2022,Hawks,118
857420,2022-10-27,Nets,125,2022,Mavericks,129
857421,2022-10-27,Kings,110,2022,Grizzlies,125
857422,2022-10-27,Warriors,123,2022,Heat,110
857423,2022-10-27,Thunder,118,2022,Clippers,110
857424,2022-10-28,Suns,124,2022,Pelicans,111
857425,2022-10-28,Spurs,129,2022,Bulls,124
857426,2022-10-28,Raptors,90,2022,76ers,112
857427,2022-10-28,Wizards,117,2022,Pacers,127
857428,2022-10-28,Celtics,123,2022,Cavaliers,132
857429,2022-10-28,Timberwolves,111,2022,Lakers,102
857430,2022-10-28,Pistons,112,2022,Hawks,136
857431,2022-10-28,Nuggets,117,2022,Jazz,101
857432,2022-10-28,Magic,113,2022,Hornets,93
857433,2022-10-28,Bucks,119,2022,Knicks,108
857434,2022-10-28,Trail Blazers,125,2022,Rockets,111
857435,2022-10-29,Kings,119,2022,Heat,113
857436,2022-10-29,Bulls,109,2022,76ers,114
857437,2022-10-29,Hornets,120,2022,Warriors,113
857438,2022-10-29,Bucks,123,2022,Hawks,115
857439,2022-10-29,Jazz,124,2022,Grizzlies,123
857440,2022-10-29,Mavericks,111,2022,Thunder,117
857441,2022-10-29,Nets,116,2022,Pacers,125
857442,2022-10-30,Clippers,91,2022,Pelicans,112
857443,2022-10-30,Suns,124,2022,Rockets,109
857444,2022-10-30,Pistons,128,2022,Warriors,114
857445,2022-10-30,Cavaliers,121,2022,Knicks,108
857446,2022-10-30,Mavericks,114,2022,Magic,105
857447,2022-10-30,Lakers,121,2022,Nuggets,110
857448,2022-10-30,Celtics,112,2022,Wizards,94
857449,2022-10-30,Spurs,107,2022,Timberwolves,98
857450,2022-10-31,Clippers,95,2022,Rockets,93
857451,2022-10-31,Nets,116,2022,Pacers,109
857452,2022-10-31,Wizards,111,2022,76ers,118
857453,2022-10-31,Bucks,110,2022,Pistons,108
857454,2022-10-31,Hornets,108,2022,Kings,115
857455,2022-10-31,Raptors,139,2022,Hawks,109
857456,2022-10-31,Jazz,121,2022,Grizzlies,105
857457,2022-11-01,Thunder,116,2022,Magic,108
857458,2022-11-01,Nets,99,2022,Bulls,108
857459,2022-11-01,Heat,116,2022,Warriors,109
857460,2022-11-01,Suns,116,2022,Timberwolves,107
857461,2022-11-02,Bucks,116,2022,Pistons,91
857462,2022-11-02,Trail Blazers,106,2022,Grizzlies,111
857463,2022-11-02,Heat,110,2022,Kings,107
857464,2022-11-02,Bulls,106,2022,Hornets,88
857465,2022-11-02,Cavaliers,114,2022,Celtics,113
857466,2022-11-02,Mavericks,103,2022,Jazz,100
857467,2022-11-02,76ers,111,2022,Wizards,121
857468,2022-11-02,Rockets,101,2022,Clippers,109
857469,2022-11-02,Spurs,100,2022,Raptors,143
857470,2022-11-02,Knicks,99,2022,Hawks,112
857471,2022-11-02,Lakers,120,2022,Pelicans,117
857472,2022-11-03,Magic,130,2022,Warriors,129
857473,2022-11-03,Thunder,110,2022,Nuggets,122
857474,2022-11-04,Pacers,101,2022,Heat,99
857475,2022-11-04,Timberwolves,102,2022,Bucks,115
857476,2022-11-04,Wizards,86,2022,Nets,128
857477,2022-11-04,Mavericks,111,2022,Raptors,110
857478,2022-11-04,Grizzlies,130,2022,Hornets,99
857479,2022-11-04,Celtics,123,2022,Bulls,119
857480,2022-11-04,Spurs,106,2022,Clippers,113
857481,2022-11-04,Pistons,88,2022,Cavaliers,112
857482,2022-11-04,Pelicans,114,2022,Warriors,105
857483,2022-11-04,76ers,104,2022,Knicks,106
857484,2022-11-04,Suns,106,2022,Trail Blazers,108
857485,2022-11-04,Lakers,116,2022,Jazz,130
857486,2022-11-05,Magic,123,2022,Kings,126
857487,2022-11-05,Hornets,94,2022,Nets,98
857488,2022-11-05,Bucks,108,2022,Thunder,94
857489,2022-11-05,Nuggets,126,2022,Spurs,101
857490,2022-11-05,Suns,102,2022,Trail Blazers,82
857491,2022-11-05,Timberwolves,129,2022,Rockets,117
857492,2022-11-05,Hawks,124,2022,Pelicans,121
857493,2022-11-05,Knicks,118,2022,Celtics,133
857494,2022-11-06,Lakers,100,2022,Cavaliers,114
857495,2022-11-06,Raptors,113,2022,Bulls,104
857496,2022-11-06,Clippers,102,2022,Jazz,110
857497,2022-11-06,Grizzlies,103,2022,Wizards,97
857498,2022-11-07,Bulls,111,2022,Raptors,97
857499,2022-11-07,Heat,107,2022,Trail Blazers,110
857500,2022-11-07,76ers,100,2022,Suns,88
857501,2022-11-07,Pacers,129,2022,Pelicans,122
857502,2022-11-07,Hornets,100,2022,Wizards,108
857503,2022-11-07,Hawks,117,2022,Bucks,98
857504,2022-11-07,Timberwolves,107,2022,Knicks,120
857505,2022-11-07,Magic,127,2022,Rockets,134
857506,2022-11-07,Grizzlies,106,2022,Celtics,109
857507,2022-11-07,Pistons,112,2022,Thunder,103
857508,2022-11-07,Spurs,109,2022,Nuggets,115
857509,2022-11-07,Mavericks,96,2022,Nets,94
857510,2022-11-07,Jazz,139,2022,Lakers,116
857511,2022-11-07,Warriors,116,2022,Kings,113
857512,2022-11-07,Clippers,119,2022,Cavaliers,117
857513,2022-11-09,Celtics,128,2022,Pistons,112
857514,2022-11-09,Magic,94,2022,Mavericks,87
857515,2022-11-09,Hornets,95,2022,Trail Blazers,105
857516,2022-11-09,Hawks,119,2022,Jazz,125
857517,2022-11-09,Pacers,119,2022,Nuggets,122
857518,2022-11-09,Raptors,116,2022,Rockets,109
857519,2022-11-09,Timberwolves,117,2022,Suns,129
857520,2022-11-09,Nets,112,2022,Knicks,85
857521,2022-11-09,Bulls,111,2022,Pelicans,115
857522,2022-11-09,Thunder,132,2022,Bucks,136
857523,2022-11-09,Spurs,122,2022,Grizzlies,124
857524,2022-11-09,Clippers,114,2022,Lakers,101
857525,2022-11-09,Kings,127,2022,Cavaliers,120
857526,2022-11-10,Heat,117,2022,Hornets,112
857527,2022-11-10,Wizards,113,2022,Mavericks,105
857528,2022-11-10,Hawks,104,2022,76ers,95
857529,2022-11-10,Pelicans,95,2022,Trail Blazers,106
857530,2022-11-11,Thunder,132,2022,Raptors,113
857531,2022-11-11,Warriors,106,2022,Cavaliers,101
857532,2022-11-11,Magic,114,2022,Suns,97
857533,2022-11-11,Celtics,131,2022,Nuggets,112
857534,2022-11-11,Grizzlies,114,2022,Timberwolves,103
857535,2022-11-11,Lakers,114,2022,Kings,120
857536,2022-11-11,Knicks,121,2022,Pistons,112
857537,2022-11-11,Spurs,111,2022,Bucks,93
857538,2022-11-12,Clippers,95,2022,Nets,110
857539,2022-11-12,Wizards,121,2022,Jazz,112
857540,2022-11-12,Pistons,108,2022,Celtics,117
857541,2022-11-12,Heat,132,2022,Hornets,115
857542,2022-11-12,Pelicans,119,2022,Rockets,106
857543,2022-11-12,76ers,121,2022,Hawks,109
857544,2022-11-12,Pacers,118,2022,Raptors,104
857545,2022-11-12,Mavericks,117,2022,Trail Blazers,112
857546,2022-11-13,Wizards,102,2022,Grizzlies,92
857547,2022-11-13,Bulls,103,2022,Nuggets,126
857548,2022-11-13,Knicks,135,2022,Thunder,145
857549,2022-11-13,Cavaliers,124,2022,Timberwolves,129
857550,2022-11-13,Kings,122,2022,Warriors,115
857551,2022-11-13,76ers,105,2022,Jazz,98
857552,2022-11-13,Lakers,116,2022,Nets,103
857553,2022-11-14,Rockets,106,2022,Clippers,122
857554,2022-11-14,Warriors,132,2022,Spurs,95
857555,2022-11-14,Celtics,126,2022,Thunder,122
857556,2022-11-14,Heat,113,2022,Suns,112
857557,2022-11-14,Pistons,111,2022,Raptors,115
857558,2022-11-14,Bucks,106,2022,Hawks,121
857559,2022-11-14,Magic,105,2022,Hornets,112
857560,2022-11-15,Kings,153,2022,Nets,121
857561,2022-11-15,Pelicans,113,2022,Grizzlies,102
857562,2022-11-15,Jazz,111,2022,Knicks,118
857563,2022-11-15,Trail Blazers,117,2022,Spurs,110
857564,2022-11-15,Mavericks,103,2022,Clippers,101
857565,2022-11-16,Pelicans,124,2022,Bulls,110
857566,2022-11-16,Raptors,112,2022,Heat,104
857567,2022-11-16,Hornets,113,2022,Pacers,125
857568,2022-11-16,Bucks,113,2022,Cavaliers,98
857569,2022-11-16,Magic,108,2022,Timberwolves,126
857570,2022-11-16,Hawks,101,2022,Celtics,126
857571,2022-11-16,Wizards,120,2022,Thunder,121
857572,2022-11-16,Nuggets,103,2022,Knicks,106
857573,2022-11-16,Mavericks,92,2022,Rockets,101
857574,2022-11-16,Suns,130,2022,Warriors,119
857575,2022-11-17,Clippers,96,2022,Pistons,91
857576,2022-11-17,Kings,130,2022,Spurs,112
857577,2022-11-17,Trail Blazers,107,2022,Nets,109
857578,2022-11-18,Jazz,134,2022,Suns,133
857579,2022-11-18,Pelicans,109,2022,Celtics,117
857580,2022-11-18,76ers,110,2022,Bucks,102
857581,2022-11-18,Bulls,107,2022,Magic,108
857582,2022-11-18,Mavericks,127,2022,Nuggets,99
857583,2022-11-18,Grizzlies,121,2022,Thunder,110
857584,2022-11-18,Cavaliers,132,2022,Hornets,122
857585,2022-11-18,Wizards,107,2022,Heat,106
857586,2022-11-18,Warriors,111,2022,Knicks,101
857587,2022-11-18,Rockets,91,2022,Pacers,99
857588,2022-11-18,Lakers,128,2022,Pistons,121
857589,2022-11-19,Hawks,124,2022,Raptors,122
857590,2022-11-19,Trail Blazers,113,2022,Jazz,118
857591,2022-11-19,Pacers,114,2022,Magic,113
857592,2022-11-19,Clippers,119,2022,Spurs,97
857593,2022-11-19,76ers,109,2022,Timberwolves,112
857594,2022-11-20,Cavaliers,113,2022,Heat,87
857595,2022-11-20,Kings,137,2022,Pistons,129
857596,2022-11-20,Mavericks,97,2022,Nuggets,98
857597,2022-11-20,Nets,127,2022,Grizzlies,115
857598,2022-11-20,Suns,116,2022,Knicks,95
857599,2022-11-20,Wizards,106,2022,Hornets,102
857600,2022-11-20,Rockets,120,2022,Warriors,127
857601,2022-11-20,Lakers,123,2022,Spurs,92
857602,2022-11-21,Clippers,121,2022,Jazz,114
857603,2022-11-21,Cavaliers,114,2022,Hawks,102
857604,2022-11-21,Timberwolves,105,2022,Heat,101
857605,2022-11-21,Bulls,121,2022,Celtics,107
857606,2022-11-21,Pacers,123,2022,Magic,102
857607,2022-11-21,Bucks,119,2022,Trail Blazers,111
857608,2022-11-21,Thunder,119,2022,Knicks,129
857609,2022-11-21,Pelicans,128,2022,Warriors,83
857610,2022-11-22,Suns,115,2022,Lakers,105
857611,2022-11-22,Nuggets,108,2022,Pistons,110
857612,2022-11-22,76ers,115,2022,Nets,106
857613,2022-11-22,Grizzlies,109,2022,Kings,113
857614,2022-11-23,Thunder,126,2022,Nuggets,131
857615,2022-11-23,Bucks,113,2022,Bulls,118
857616,2022-11-23,Hornets,107,2022,76ers,101
857617,2022-11-23,Pacers,101,2022,Timberwolves,115
857618,2022-11-23,Cavaliers,114,2022,Trail Blazers,96
857619,2022-11-23,Hawks,115,2022,Kings,106
857620,2022-11-23,Celtics,125,2022,Mavericks,112
857621,2022-11-23,Heat,113,2022,Wizards,105
857622,2022-11-23,Raptors,98,2022,Nets,112
857623,2022-11-23,Spurs,110,2022,Pelicans,129
857624,2022-11-23,Jazz,116,2022,Pistons,125
857625,2022-11-23,Warriors,124,2022,Clippers,107
857626,2022-11-25,Magic,99,2022,76ers,107
857627,2022-11-25,Hornets,110,2022,Timberwolves,108
857628,2022-11-25,Heat,110,2022,Wizards,107
857629,2022-11-25,Pacers,128,2022,Nets,117
857630,2022-11-25,Bucks,117,2022,Cavaliers,102
857631,2022-11-25,Knicks,129,2022,Trail Blazers,132
857632,2022-11-25,Rockets,128,2022,Hawks,122
857633,2022-11-25,Grizzlies,132,2022,Pelicans,111
857634,2022-11-25,Celtics,122,2022,Kings,104
857635,2022-11-25,Thunder,123,2022,Bulls,119
857636,2022-11-25,Suns,108,2022,Pistons,102
857637,2022-11-25,Warriors,129,2022,Jazz,118
857638,2022-11-25,Spurs,94,2022,Lakers,105
857639,2022-11-25,Clippers,104,2022,Nuggets,114
857640,2022-11-26,Suns,113,2022,Jazz,112
857641,2022-11-26,Rockets,118,2022,Thunder,105
857642,2022-11-26,Spurs,138,2022,Lakers,143
857643,2022-11-26,Raptors,105,2022,Mavericks,100
857644,2022-11-27,Hawks,98,2022,Heat,106
857645,2022-11-27,Clippers,114,2022,Pacers,100
857646,2022-11-27,Nets,111,2022,Trail Blazers,97
857647,2022-11-27,Knicks,123,2022,Grizzlies,127
857648,2022-11-27,Celtics,130,2022,Wizards,121
857649,2022-11-27,Magic,103,2022,76ers,133
857650,2022-11-27,Timberwolves,114,2022,Warriors,137
857651,2022-11-27,Bucks,124,2022,Mavericks,115
857652,2022-11-27,Pistons,94,2022,Cavaliers,102
857653,2022-11-28,Celtics,140,2022,Hornets,105
857654,2022-11-28,76ers,104,2022,Hawks,101
857655,2022-11-28,Wizards,142,2022,Timberwolves,127
857656,2022-11-28,Raptors,100,2022,Cavaliers,88
857657,2022-11-28,Nets,109,2022,Magic,102
857658,2022-11-28,Kings,117,2022,Suns,122
857659,2022-11-28,Jazz,107,2022,Bulls,114
857660,2022-11-28,Lakers,115,2022,Pacers,116
857661,2022-11-28,Pelicans,105,2022,Thunder,101
857662,2022-11-28,Nuggets,129,2022,Rockets,113
857663,2022-11-29,Trail Blazers,112,2022,Clippers,118
857664,2022-11-29,Mavericks,116,2022,Warriors,113
857665,2022-11-29,Pistons,110,2022,Knicks,140
857666,2022-11-30,Nets,113,2022,Wizards,107
857667,2022-11-30,Celtics,134,2022,Heat,121
857668,2022-11-30,Magic,108,2022,Hawks,125
857669,2022-11-30,Cavaliers,113,2022,76ers,85
857670,2022-11-30,Knicks,103,2022,Bucks,109
857671,2022-11-30,Thunder,119,2022,Spurs,111
857672,2022-11-30,Suns,132,2022,Bulls,113
857673,2022-11-30,Pelicans,126,2022,Raptors,108
857674,2022-11-30,Timberwolves,109,2022,Grizzlies,101
857675,2022-11-30,Nuggets,120,2022,Rockets,100
857676,2022-11-30,Kings,137,2022,Pacers,114
857677,2022-11-30,Jazz,125,2022,Clippers,112
857678,2022-11-30,Lakers,128,2022,Trail Blazers,109
857679,2022-12-01,Pistons,131,2022,Mavericks,125
857680,2022-12-02,Celtics,116,2022,Heat,120
857681,2022-12-02,Hawks,117,2022,Nuggets,109
857682,2022-12-02,Suns,121,2022,Rockets,122
857683,2022-12-02,Bucks,129,2022,Lakers,133
857684,2022-12-02,Spurs,99,2022,Pelicans,117
857685,2022-12-02,Nets,114,2022,Raptors,105
857686,2022-12-02,Hornets,117,2022,Wizards,116
857687,2022-12-02,Jazz,139,2022,Pacers,119
857688,2022-12-02,Grizzlies,117,2022,76ers,109
857689,2022-12-02,Cavaliers,107,2022,Magic,96
857690,2022-12-02,Warriors,119,2022,Bulls,111
857691,2022-12-03,Knicks,100,2022,Mavericks,121
857692,2022-12-03,Jazz,111,2022,Trail Blazers,116
857693,2022-12-03,Clippers,96,2022,Kings,123
857694,2022-12-03,Hornets,96,2022,Bucks,105
857695,2022-12-03,Timberwolves,128,2022,Thunder,135
857696,2022-12-03,Raptors,121,2022,Magic,108
857697,2022-12-03,Warriors,120,2022,Rockets,101
857698,2022-12-04,Kings,110,2022,Bulls,101
857699,2022-12-04,Spurs,95,2022,Suns,133
857700,2022-12-04,Pelicans,121,2022,Nuggets,106
857701,2022-12-04,Wizards,119,2022,Lakers,130
857702,2022-12-04,Nets,92,2022,Celtics,103
857703,2022-12-04,Pistons,112,2022,Grizzlies,122
857704,2022-12-04,Knicks,92,2022,Cavaliers,81
857705,2022-12-04,Trail Blazers,116,2022,Pacers,100
857706,2022-12-05,Hornets,117,2022,Clippers,119
857707,2022-12-05,Warriors,104,2022,Pacers,112
857708,2022-12-05,Grizzlies,101,2022,Heat,93
857709,2022-12-05,Raptors,110,2022,Celtics,116
857710,2022-12-05,Rockets,132,2022,76ers,123
857711,2022-12-05,Magic,102,2022,Bucks,109
857712,2022-12-05,Hawks,114,2022,Thunder,121
857713,2022-12-05,Mavericks,130,2022,Suns,111
857714,2022-12-06,Heat,96,2022,Pistons,116
857715,2022-12-06,Nuggets,115,2022,Mavericks,116
857716,2022-12-06,Cavaliers,116,2022,Lakers,102
857717,2022-12-07,Bucks,126,2022,Kings,113
857718,2022-12-07,Jazz,124,2022,Warriors,123
857719,2022-12-07,Raptors,126,2022,Lakers,113
857720,2022-12-07,Pelicans,104,2022,Pistons,98
857721,2022-12-07,Knicks,113,2022,Hawks,89
857722,2022-12-07,Nets,122,2022,Hornets,116
857723,2022-12-07,Grizzlies,123,2022,Thunder,102
857724,2022-12-07,Timberwolves,121,2022,Pacers,115
857725,2022-12-07,Magic,116,2022,Clippers,111
857726,2022-12-07,Bulls,115,2022,Wizards,111
857727,2022-12-07,Suns,98,2022,Celtics,125
857728,2022-12-08,Heat,115,2022,Clippers,110
857729,2022-12-08,Spurs,118,2022,Rockets,109
857730,2022-12-08,Trail Blazers,120,2022,Nuggets,121
857731,2022-12-09,Magic,113,2022,Raptors,109
857732,2022-12-09,Mavericks,105,2022,Bucks,106
857733,2022-12-09,Hornets,102,2022,Knicks,121
857734,2022-12-09,Nets,120,2022,Hawks,116
857735,2022-12-09,Grizzlies,114,2022,Pistons,103
857736,2022-12-09,76ers,133,2022,Lakers,122
857737,2022-12-09,Pacers,121,2022,Wizards,111
857738,2022-12-09,Pelicans,128,2022,Suns,117
857739,2022-12-09,Cavaliers,95,2022,Kings,106
857740,2022-12-09,Jazz,108,2022,Timberwolves,118
857741,2022-12-10,Heat,111,2022,Spurs,115
857742,2022-12-10,Bulls,144,2022,Mavericks,115
857743,2022-12-10,Wizards,107,2022,Clippers,114
857744,2022-12-10,Warriors,123,2022,Celtics,107
857745,2022-12-10,Cavaliers,110,2022,Thunder,102
857746,2022-12-10,Pacers,133,2022,Nets,136
857747,2022-12-10,Nuggets,115,2022,Jazz,110
857748,2022-12-10,Trail Blazers,124,2022,Timberwolves,118
857749,2022-12-11,Pistons,117,2022,Lakers,124
857750,2022-12-11,76ers,131,2022,Hornets,113
857751,2022-12-11,Hawks,123,2022,Bulls,122
857752,2022-12-11,Magic,111,2022,Raptors,99
857753,2022-12-11,Pelicans,129,2022,Suns,124
857754,2022-12-11,Knicks,112,2022,Kings,99
857755,2022-12-11,Rockets,97,2022,Bucks,92
857756,2022-12-12,Trail Blazers,133,2022,Timberwolves,112
857757,2022-12-12,Wizards,100,2022,Nets,112
857758,2022-12-12,Grizzlies,128,2022,Hawks,103
857759,2022-12-12,Spurs,112,2022,Cavaliers,111
857760,2022-12-12,Pacers,82,2022,Heat,87
857761,2022-12-12,Clippers,113,2022,Celtics,93
857762,2022-12-12,Mavericks,121,2022,Thunder,114
857763,2022-12-13,Bucks,128,2022,Warriors,111
857764,2022-12-13,Jazz,121,2022,Pelicans,100
857765,2022-12-13,Lakers,118,2022,Celtics,122
857766,2022-12-13,Rockets,111,2022,Suns,97
857767,2022-12-13,76ers,123,2022,Kings,103
857768,2022-12-14,Nuggets,141,2022,Wizards,128
857769,2022-12-14,Clippers,99,2022,Timberwolves,88
857770,2022-12-14,Magic,135,2022,Hawks,124
857771,2022-12-14,Pacers,125,2022,Warriors,119
857772,2022-12-14,Thunder,108,2022,Heat,110
857773,2022-12-14,Raptors,123,2022,Kings,124
857774,2022-12-14,Bulls,120,2022,Knicks,128
857775,2022-12-14,Mavericks,90,2022,Cavaliers,105
857776,2022-12-14,Hornets,134,2022,Pistons,141
857777,2022-12-14,Spurs,112,2022,Trail Blazers,128
857778,2022-12-15,Rockets,108,2022,Heat,111
857779,2022-12-15,Jazz,132,2022,Pelicans,129
857780,2022-12-15,Grizzlies,142,2022,Bucks,101
857781,2022-12-15,Clippers,95,2022,Suns,111
857782,2022-12-16,Bulls,91,2022,Knicks,114
857783,2022-12-16,Lakers,126,2022,Nuggets,108
857784,2022-12-16,Hornets,106,2022,Hawks,125
857785,2022-12-16,Raptors,116,2022,Nets,119
857786,2022-12-16,Celtics,109,2022,Magic,117
857787,2022-12-16,Thunder,110,2022,Timberwolves,112
857788,2022-12-16,Pistons,113,2022,Kings,122
857789,2022-12-16,76ers,118,2022,Warriors,106
857790,2022-12-16,Cavaliers,118,2022,Pacers,112
857791,2022-12-16,Mavericks,130,2022,Trail Blazers,110
857792,2022-12-17,Spurs,101,2022,Heat,111
857793,2022-12-17,Clippers,102,2022,Wizards,93
857794,2022-12-17,Cavaliers,100,2022,Mavericks,99
857795,2022-12-17,Rockets,95,2022,Trail Blazers,107
857796,2022-12-17,Bucks,123,2022,Jazz,97
857797,2022-12-17,Suns,118,2022,Pelicans,114
857798,2022-12-17,Thunder,115,2022,Grizzlies,109
857799,2022-12-18,Nuggets,119,2022,Hornets,115
857800,2022-12-18,Timberwolves,150,2022,Bulls,126
857801,2022-12-18,Celtics,92,2022,Magic,95
857802,2022-12-18,Raptors,110,2022,Warriors,126
857803,2022-12-18,Lakers,119,2022,Wizards,117
857804,2022-12-18,Pacers,106,2022,Knicks,109
857805,2022-12-18,Pistons,121,2022,Nets,124
857806,2022-12-19,Kings,119,2022,Hornets,125
857807,2022-12-19,Cavaliers,122,2022,Jazz,99
857808,2022-12-19,Rockets,105,2022,Spurs,124
857809,2022-12-19,Pelicans,119,2022,Bucks,128
857810,2022-12-19,Hawks,126,2022,Magic,125
857811,2022-12-19,Suns,130,2022,Lakers,104
857812,2022-12-19,Thunder,123,2022,Trail Blazers,121
857813,2022-12-19,Timberwolves,116,2022,Mavericks,106
857814,2022-12-19,76ers,104,2022,Raptors,101
857815,2022-12-20,Knicks,132,2022,Warriors,94
857816,2022-12-20,Pistons,111,2022,Jazz,126
857817,2022-12-20,Nuggets,105,2022,Grizzlies,91
857818,2022-12-20,Heat,103,2022,Bulls,113
857819,2022-12-20,Suns,110,2022,Wizards,113
857820,2022-12-21,Thunder,101,2022,Trail Blazers,98
857821,2022-12-21,Kings,134,2022,Lakers,120
857822,2022-12-21,Cavaliers,114,2022,Bucks,106
857823,2022-12-21,76ers,113,2022,Pistons,93
857824,2022-12-21,Hawks,108,2022,Bulls,110
857825,2022-12-21,Rockets,110,2022,Magic,116
857826,2022-12-21,Timberwolves,99,2022,Mavericks,104
857827,2022-12-21,Celtics,112,2022,Pacers,117
857828,2022-12-21,Nets,143,2022,Warriors,113
857829,2022-12-21,Knicks,106,2022,Raptors,113
857830,2022-12-21,Clippers,126,2022,Hornets,105
857831,2022-12-22,Pelicans,126,2022,Spurs,117
857832,2022-12-22,Jazz,120,2022,Wizards,112
857833,2022-12-23,76ers,119,2022,Clippers,114
857834,2022-12-23,Thunder,125,2022,Pelicans,128
857835,2022-12-23,Celtics,121,2022,Timberwolves,109
857836,2022-12-23,Magic,133,2022,Spurs,113
857837,2022-12-23,Knicks,117,2022,Bulls,118
857838,2022-12-23,Rockets,106,2022,Mavericks,112
857839,2022-12-23,Cavaliers,107,2022,Raptors,118
857840,2022-12-23,Heat,108,2022,Pacers,111
857841,2022-12-23,Nets,118,2022,Bucks,100
857842,2022-12-23,Hawks,130,2022,Pistons,105
857843,2022-12-23,Nuggets,120,2022,Trail Blazers,107
857844,2022-12-23,Suns,100,2022,Grizzlies,125
857845,2022-12-23,Kings,111,2022,Wizards,125
857846,2022-12-23,Lakers,130,2022,Hornets,134
857847,2022-12-25,Celtics,139,2022,Bucks,118
857848,2022-12-25,Warriors,123,2022,Grizzlies,109
857849,2022-12-25,Nuggets,128,2022,Suns,125
857850,2022-12-25,Knicks,112,2022,76ers,119
857851,2022-12-25,Mavericks,124,2022,Lakers,115
857852,2022-12-26,Bulls,118,2022,Rockets,133
857853,2022-12-26,Pelicans,113,2022,Pacers,93
857854,2022-12-26,Trail Blazers,124,2022,Hornets,113
857855,2022-12-26,Pistons,131,2022,Clippers,142
857856,2022-12-26,Spurs,126,2022,Jazz,122
857857,2022-12-26,Cavaliers,117,2022,Nets,125
857858,2022-12-26,Heat,113,2022,Timberwolves,110
857859,2022-12-27,Magic,110,2022,Lakers,129
857860,2022-12-27,Celtics,126,2022,Rockets,102
857861,2022-12-27,Pacers,129,2022,Hawks,114
857862,2022-12-27,Wizards,116,2022,76ers,111
857863,2022-12-27,Raptors,113,2022,Clippers,124
857864,2022-12-27,Thunder,130,2022,Spurs,114
857865,2022-12-27,Grizzlies,108,2022,Suns,125
857866,2022-12-27,Kings,106,2022,Nuggets,113
857867,2022-12-27,Mavericks,126,2022,Knicks,121
857868,2022-12-27,Warriors,110,2022,Hornets,105
857869,2022-12-28,Pelicans,119,2022,Timberwolves,118
857870,2022-12-28,Bulls,119,2022,Bucks,113
857871,2022-12-28,Wizards,127,2022,Suns,102
857872,2022-12-28,Heat,112,2022,Lakers,98
857873,2022-12-28,Pistons,121,2022,Magic,101
857874,2022-12-28,Kings,127,2022,Nuggets,126
857875,2022-12-28,Hawks,107,2022,Nets,108
857876,2022-12-28,Warriors,112,2022,Jazz,107
857877,2022-12-29,Raptors,106,2022,Grizzlies,119
857878,2022-12-29,Mavericks,129,2022,Rockets,114
857879,2022-12-29,Hornets,121,2022,Thunder,113
857880,2022-12-29,Pacers,135,2022,Cavaliers,126
857881,2022-12-29,Celtics,116,2022,Clippers,110
857882,2022-12-29,Spurs,122,2022,Knicks,115
857883,2022-12-30,Warriors,118,2022,Trail Blazers,112
857884,2022-12-30,Nuggets,124,2022,Heat,119
857885,2022-12-30,Pelicans,127,2022,76ers,116
857886,2022-12-30,Bucks,123,2022,Timberwolves,114
857887,2022-12-30,Bulls,132,2022,Pistons,118
857888,2022-12-30,Raptors,113,2022,Suns,104
857889,2022-12-30,Hawks,121,2022,Lakers,130
857890,2022-12-30,Magic,100,2022,Wizards,119
857891,2022-12-30,Kings,126,2022,Jazz,125
857892,2022-12-31,Pacers,131,2022,Clippers,130
857893,2022-12-31,Bulls,102,2022,Cavaliers,103
857894,2022-12-31,Hornets,106,2022,Nets,123
857895,2022-12-31,Jazz,123,2022,Heat,126
857896,2022-12-31,Thunder,96,2022,76ers,115
857897,2022-12-31,Rockets,88,2022,Knicks,108
857898,2022-12-31,Timberwolves,104,2022,Pistons,116
857899,2022-12-31,Grizzlies,116,2022,Pelicans,101
857900,2022-12-31,Spurs,125,2022,Mavericks,126
857901,2023-01-01,Bucks,95,2022,Wizards,118
857902,2023-01-01,Grizzlies,118,2022,Kings,108
857903,2023-01-01,Nuggets,123,2022,Celtics,111
857904,2023-01-02,Warriors,143,2022,Hawks,141
857905,2023-01-02,Timberwolves,124,2022,Nuggets,111
857906,2023-01-02,Pacers,122,2022,Raptors,114
857907,2023-01-02,Rockets,106,2022,Mavericks,111
857908,2023-01-02,Cavaliers,145,2022,Bulls,134
857909,2023-01-02,Knicks,102,2022,Suns,83
857910,2023-01-02,Hornets,115,2022,Lakers,121
857911,2023-01-02,76ers,120,2022,Pelicans,111
857912,2023-01-02,Trail Blazers,135,2022,Pistons,106
857913,2023-01-02,Nets,139,2022,Spurs,103
857914,2023-01-02,Clippers,100,2022,Heat,110
857915,2023-01-03,Bucks,123,2022,Wizards,113
857916,2023-01-03,Thunder,150,2022,Celtics,117
857917,2023-01-03,Jazz,115,2022,Kings,117
857918,2023-01-04,Bulls,121,2022,Nets,112
857919,2023-01-04,Magic,126,2022,Thunder,115
857920,2023-01-04,Timberwolves,113,2022,Trail Blazers,106
857921,2023-01-04,Knicks,117,2022,Spurs,114
857922,2023-01-04,Warriors,119,2022,Pistons,122
857923,2023-01-04,Hornets,107,2022,Grizzlies,131
857924,2023-01-04,Pelicans,119,2022,Rockets,108
857925,2023-01-04,Raptors,101,2022,Bucks,104
857926,2023-01-04,Cavaliers,90,2022,Suns,88
857927,2023-01-04,76ers,129,2022,Pacers,126
857928,2023-01-04,Lakers,112,2022,Heat,109
857929,2023-01-04,Kings,117,2022,Hawks,120
857930,2023-01-05,Mavericks,95,2022,Celtics,124
857931,2023-01-05,Magic,115,2022,Grizzlies,123
857932,2023-01-05,Nuggets,122,2022,Clippers,91
857933,2023-01-05,Rockets,114,2022,Jazz,131
857934,2023-01-06,Bucks,109,2022,Hornets,138
857935,2023-01-06,Thunder,127,2022,Wizards,110
857936,2023-01-06,Spurs,121,2022,Pistons,109
857937,2023-01-06,76ers,112,2022,Bulls,126
857938,2023-01-06,Timberwolves,128,2022,Clippers,115
857939,2023-01-06,Pelicans,102,2022,Nets,108
857940,2023-01-06,Suns,96,2022,Heat,104
857941,2023-01-06,Raptors,108,2022,Knicks,112
857942,2023-01-06,Pacers,108,2022,Trail Blazers,99
857943,2023-01-06,Nuggets,121,2022,Cavaliers,108
857944,2023-01-06,Lakers,130,2022,Hawks,114
857945,2023-01-07,Spurs,116,2022,Celtics,121
857946,2023-01-07,Bulls,126,2022,Jazz,118
857947,2023-01-07,Warriors,101,2022,Magic,115
857948,2023-01-07,Mavericks,127,2022,Pelicans,117
857949,2023-01-07,Kings,134,2022,Lakers,136
857950,2023-01-08,Grizzlies,123,2022,Jazz,118
857951,2023-01-08,Heat,101,2022,Nets,102
857952,2023-01-08,Rockets,96,2022,Timberwolves,104
857953,2023-01-08,Pistons,111,2022,76ers,123
857954,2023-01-08,Pacers,116,2022,Hornets,111
857955,2023-01-08,Raptors,117,2022,Trail Blazers,105
857956,2023-01-08,Thunder,120,2022,Mavericks,109
857957,2023-01-08,Suns,98,2022,Cavaliers,112
857958,2023-01-08,Clippers,108,2022,Hawks,112
857959,2023-01-09,Grizzlies,121,2022,Spurs,113
857960,2023-01-09,Knicks,107,2022,Bucks,111
857961,2023-01-09,Celtics,107,2022,Bulls,99
857962,2023-01-09,Nuggets,122,2022,Lakers,109
857963,2023-01-09,Wizards,112,2022,Pelicans,132
857964,2023-01-09,Kings,136,2022,Magic,111
857965,2023-01-10,Heat,112,2022,Thunder,111
857966,2023-01-10,76ers,147,2022,Pistons,116
857967,2023-01-10,Trail Blazers,106,2022,Magic,109
857968,2023-01-10,Clippers,113,2022,Mavericks,101
857969,2023-01-10,Warriors,113,2022,Suns,125
857970,2023-01-10,Jazz,116,2022,Cavaliers,114
857971,2023-01-10,Raptors,132,2022,Hornets,120
857972,2023-01-11,Wizards,100,2022,Bulls,97
857973,2023-01-11,Nuggets,126,2022,Suns,97
857974,2023-01-11,Kings,135,2022,Rockets,115
857975,2023-01-11,Celtics,125,2022,Pelicans,114
857976,2023-01-11,Pistons,135,2022,Timberwolves,118
857977,2023-01-11,Grizzlies,135,2022,Spurs,129
857978,2023-01-11,Knicks,119,2022,Pacers,113
857979,2023-01-11,Hawks,105,2022,Bucks,114
857980,2023-01-12,76ers,114,2022,Thunder,133
857981,2023-01-12,Raptors,124,2022,Hornets,114
857982,2023-01-12,Lakers,115,2022,Mavericks,119
857983,2023-01-12,Trail Blazers,113,2022,Cavaliers,119
857984,2023-01-12,Nets,98,2022,Celtics,109
857985,2023-01-12,Heat,108,2022,Bucks,102
857986,2023-01-13,Kings,139,2022,Rockets,114
857987,2023-01-13,Wizards,108,2022,Knicks,112
857988,2023-01-13,Clippers,103,2022,Nuggets,115
857989,2023-01-13,Pistons,110,2022,Pelicans,116
857990,2023-01-13,Timberwolves,121,2022,Suns,116
857991,2023-01-13,Pacers,111,2022,Hawks,113
857992,2023-01-13,Spurs,113,2022,Warriors,144
857993,2023-01-13,Jazz,112,2022,Magic,108
857994,2023-01-13,Bulls,110,2022,Thunder,124
857995,2023-01-14,Pacers,112,2022,Grizzlies,130
857996,2023-01-14,Raptors,103,2022,Hawks,114
857997,2023-01-14,Jazz,117,2022,76ers,118
857998,2023-01-14,Heat,111,2022,Bucks,95
857999,2023-01-14,Trail Blazers,136,2022,Mavericks,119
858000,2023-01-14,Hornets,106,2022,Celtics,122
858001,2023-01-14,Timberwolves,110,2022,Cavaliers,102
858002,2023-01-15,Bulls,132,2022,Warriors,118
858003,2023-01-15,Pistons,104,2022,Knicks,117
858004,2023-01-15,Nuggets,119,2022,Magic,116
858005,2023-01-15,Clippers,121,2022,Rockets,100
858006,2023-01-15,Spurs,119,2022,Kings,132
858007,2023-01-15,Lakers,112,2022,76ers,113
858008,2023-01-15,Nets,102,2022,Thunder,112
858009,2023-01-15,Trail Blazers,140,2022,Mavericks,123
858010,2023-01-16,Lakers,140,2022,Rockets,132
858011,2023-01-16,Hawks,121,2022,Heat,113
858012,2023-01-16,Wizards,118,2022,Warriors,127
858013,2023-01-16,Bucks,132,2022,Pacers,119
858014,2023-01-16,Cavaliers,113,2022,Pelicans,103
858015,2023-01-16,Grizzlies,136,2022,Suns,106
858016,2023-01-16,Timberwolves,125,2022,Jazz,126
858017,2023-01-16,Hornets,118,2022,Celtics,130
858018,2023-01-16,Knicks,121,2022,Raptors,123
858019,2023-01-17,Spurs,106,2022,Nets,98
858020,2023-01-17,Bucks,130,2022,Raptors,122
858021,2023-01-17,Clippers,110,2022,76ers,120
858022,2023-01-17,Nuggets,122,2022,Trail Blazers,113
858023,2023-01-18,Lakers,111,2022,Kings,116
858024,2023-01-18,Thunder,126,2022,Pacers,106
858025,2023-01-18,Grizzlies,115,2022,Cavaliers,114
858026,2023-01-18,Pelicans,98,2022,Heat,124
858027,2023-01-18,Jazz,126,2022,Clippers,103
858028,2023-01-18,Rockets,117,2022,Hornets,122
858029,2023-01-18,Knicks,105,2022,Wizards,116
858030,2023-01-18,Nuggets,122,2022,Timberwolves,118
858031,2023-01-18,Mavericks,122,2022,Hawks,130
858032,2023-01-19,Pistons,108,2022,Bulls,126
858033,2023-01-19,Suns,117,2022,Nets,112
858034,2023-01-19,Celtics,121,2022,Warriors,118
858035,2023-01-19,Timberwolves,128,2022,Raptors,126
858036,2023-01-19,Trail Blazers,95,2022,76ers,105
858037,2023-01-20,Kings,118,2022,Thunder,113
858038,2023-01-20,Cavaliers,114,2022,Warriors,120
858039,2023-01-20,Magic,123,2022,Pelicans,110
858040,2023-01-20,Mavericks,115,2022,Heat,90
858041,2023-01-20,Spurs,126,2022,Clippers,131
858042,2023-01-20,Jazz,106,2022,Nets,117
858043,2023-01-20,Nuggets,134,2022,Pacers,111
858044,2023-01-20,Lakers,122,2022,Grizzlies,121
858045,2023-01-20,Hawks,139,2022,Knicks,124
858046,2023-01-21,Timberwolves,113,2022,Rockets,104
858047,2023-01-21,Cavaliers,114,2022,Bucks,102
858048,2023-01-21,Suns,112,2022,Pacers,107
858049,2023-01-21,Raptors,104,2022,Celtics,106
858050,2023-01-21,Kings,127,2022,76ers,129
858051,2023-01-21,Wizards,138,2022,Magic,118
858052,2023-01-21,Hawks,118,2022,Hornets,122
858053,2023-01-22,Heat,100,2022,Pelicans,96
858054,2023-01-22,Nuggets,99,2022,Thunder,101
858055,2023-01-22,Warriors,116,2022,Nets,120
858056,2023-01-22,Raptors,125,2022,Knicks,116
858057,2023-01-22,Trail Blazers,112,2022,Lakers,121
858058,2023-01-22,Mavericks,98,2022,Clippers,112
858059,2023-01-22,Suns,112,2022,Grizzlies,110
858060,2023-01-23,Pistons,130,2022,Bucks,150
858061,2023-01-23,Rockets,119,2022,Timberwolves,114
858062,2023-01-23,Trail Blazers,147,2022,Spurs,127
858063,2023-01-23,Kings,133,2022,Grizzlies,100
858064,2023-01-23,Jazz,120,2022,Hornets,102
858065,2023-01-23,Bulls,111,2022,Hawks,100
858066,2023-01-23,Magic,113,2022,Celtics,98
858067,2023-01-24,Knicks,105,2022,Cavaliers,103
858068,2023-01-24,Pelicans,98,2022,Nuggets,99
858069,2023-01-24,Heat,98,2022,Celtics,95
858070,2023-01-24,Pacers,116,2022,Bulls,110
858071,2023-01-24,Mavericks,126,2022,Wizards,127
858072,2023-01-24,Suns,128,2022,Hornets,97
858073,2023-01-24,Lakers,115,2022,Clippers,133
858074,2023-01-25,Kings,95,2022,Raptors,113
858075,2023-01-25,Lakers,113,2022,Spurs,104
858076,2023-01-25,Magic,126,2022,Pacers,120
858077,2023-01-25,76ers,137,2022,Nets,133
858078,2023-01-25,Rockets,103,2022,Wizards,108
858079,2023-01-25,Thunder,132,2022,Hawks,137
858080,2023-01-25,Warriors,122,2022,Grizzlies,120
858081,2023-01-25,Bucks,107,2022,Nuggets,99
858082,2023-01-25,Pelicans,102,2022,Timberwolves,111
858083,2023-01-25,Trail Blazers,134,2022,Jazz,124
858084,2023-01-26,Clippers,138,2022,Spurs,100
858085,2023-01-26,Hornets,111,2022,Bulls,96
858086,2023-01-26,Nets,122,2022,Pistons,130
858087,2023-01-26,Rockets,95,2022,Cavaliers,113
858088,2023-01-26,Suns,95,2022,Mavericks,99
858089,2023-01-26,Celtics,117,2022,Knicks,120
858090,2023-01-27,Warriors,129,2022,Raptors,117
858091,2023-01-27,Thunder,112,2022,Cavaliers,100
858092,2023-01-27,Heat,110,2022,Magic,105
858093,2023-01-27,Pacers,131,2022,Bucks,141
858094,2023-01-27,Timberwolves,111,2022,Grizzlies,100
858095,2023-01-28,Jazz,108,2022,Mavericks,100
858096,2023-01-28,Celtics,125,2022,Lakers,121
858097,2023-01-28,Timberwolves,117,2022,Kings,110
858098,2023-01-28,Pistons,114,2022,Rockets,117
858099,2023-01-28,Pelicans,103,2022,Wizards,113
858100,2023-01-28,76ers,126,2022,Nuggets,119
858101,2023-01-28,Spurs,118,2022,Suns,128
858102,2023-01-28,Hawks,113,2022,Clippers,120
858103,2023-01-28,Nets,122,2022,Knicks,115
858104,2023-01-28,Magic,109,2022,Bulls,128
858105,2023-01-28,Trail Blazers,105,2022,Raptors,123
858106,2023-01-29,Hornets,122,2022,Heat,117
858107,2023-01-29,Grizzlies,112,2022,Pacers,100
858108,2023-01-29,Bucks,135,2022,Pelicans,110
858109,2023-01-29,Cavaliers,122,2022,Clippers,99
858110,2023-01-30,76ers,109,2022,Magic,119
858111,2023-01-30,Thunder,120,2022,Warriors,128
858112,2023-01-30,Spurs,106,2022,Wizards,127
858113,2023-01-30,Mavericks,111,2022,Pistons,105
858114,2023-01-30,Suns,114,2022,Raptors,106
858115,2023-01-30,Nets,121,2022,Lakers,104
858116,2023-01-30,Trail Blazers,129,2022,Hawks,125
858117,2023-01-30,Timberwolves,111,2022,Kings,118
858118,2023-01-31,Bulls,103,2022,Clippers,108
858119,2023-01-31,Cavaliers,97,2022,Heat,100
858120,2023-01-31,Nuggets,122,2022,Pelicans,113
858121,2023-01-31,Knicks,123,2022,Lakers,129
858122,2023-01-31,Bucks,124,2022,Hornets,115
858123,2023-02-01,Suns,100,2022,Hawks,132
858124,2023-02-01,Jazz,131,2022,Raptors,128
858125,2023-02-01,Pistons,117,2022,Wizards,119
858126,2023-02-01,Spurs,109,2022,Kings,119
858127,2023-02-01,Grizzlies,112,2022,Trail Blazers,122
858128,2023-02-01,Celtics,139,2022,Nets,96
858129,2023-02-01,Rockets,112,2022,Thunder,106
858130,2023-02-01,Timberwolves,119,2022,Warriors,114
858131,2023-02-01,76ers,105,2022,Magic,94
858132,2023-02-02,Knicks,106,2022,Heat,104
858133,2023-02-02,Nuggets,134,2022,Warriors,117
858134,2023-02-02,Pacers,111,2022,Lakers,112
858135,2023-02-02,Bulls,114,2022,Hornets,98
858136,2023-02-02,Cavaliers,128,2022,Grizzlies,113
858137,2023-02-02,Bucks,106,2022,Clippers,105
858138,2023-02-02,Mavericks,111,2022,Pelicans,106
858139,2023-02-03,Jazz,108,2022,Hawks,115
858140,2023-02-03,Rockets,111,2022,Raptors,117
858141,2023-02-03,Timberwolves,120,2022,Magic,127
858142,2023-02-03,Celtics,94,2022,Suns,106
858143,2023-02-03,Spurs,125,2022,76ers,137
858144,2023-02-03,Pistons,118,2022,Hornets,112
858145,2023-02-03,Pacers,107,2022,Kings,104
858146,2023-02-03,Wizards,116,2022,Trail Blazers,124
858147,2023-02-04,Knicks,128,2022,Clippers,134
858148,2023-02-04,Nuggets,128,2022,Hawks,108
858149,2023-02-04,Nets,125,2022,Wizards,123
858150,2023-02-04,Bulls,129,2022,Trail Blazers,121
858151,2023-02-04,Pistons,100,2022,Suns,116
858152,2023-02-04,Warriors,119,2022,Mavericks,113
858153,2023-02-04,Pelicans,131,2022,Lakers,126
858154,2023-02-04,Bucks,123,2022,Heat,115
858155,2023-02-04,Thunder,153,2022,Rockets,121
858156,2023-02-05,Pelicans,136,2022,Kings,104
858157,2023-02-05,Grizzlies,103,2022,Raptors,106
858158,2023-02-05,Pacers,103,2022,Cavaliers,122
858159,2023-02-05,Timberwolves,128,2022,Nuggets,98
858160,2023-02-05,Hornets,113,2022,Magic,119
858161,2023-02-05,Knicks,108,2022,76ers,97
858162,2023-02-06,Trail Blazers,108,2022,Bucks,127
858163,2023-02-06,Nets,116,2022,Clippers,124
858164,2023-02-06,Rockets,120,2022,Kings,140
858165,2023-02-06,Pistons,99,2022,Celtics,111
858166,2023-02-06,Jazz,111,2022,Mavericks,124
858167,2023-02-06,Bulls,128,2022,Spurs,104
858168,2023-02-06,Wizards,91,2022,Cavaliers,114
858169,2023-02-06,Warriors,141,2022,Thunder,114
858170,2023-02-07,Nuggets,146,2022,Timberwolves,112
858171,2023-02-07,Pelicans,116,2022,Hawks,107
858172,2023-02-07,Nets,112,2022,Suns,116
858173,2023-02-07,Grizzlies,104,2022,Bulls,89
858174,2023-02-07,Lakers,130,2022,Thunder,133
858175,2023-02-07,Magic,98,2022,Knicks,102
858176,2023-02-08,Cavaliers,113,2022,Pistons,85
858177,2023-02-08,Wizards,118,2022,Hornets,104
858178,2023-02-08,Trail Blazers,125,2022,Warriors,122
858179,2023-02-08,Clippers,104,2022,Mavericks,110
858180,2023-02-08,Jazz,118,2022,Timberwolves,143
858181,2023-02-08,Raptors,112,2022,Spurs,98
858182,2023-02-08,Heat,116,2022,Pacers,111
858183,2023-02-08,Celtics,106,2022,76ers,99
858184,2023-02-08,Rockets,128,2022,Kings,130
858185,2023-02-09,Hawks,116,2022,Suns,107
858186,2023-02-09,Nets,116,2022,Bulls,105
858187,2023-02-09,Magic,115,2022,Nuggets,104
858188,2023-02-09,Lakers,106,2022,Bucks,115
858189,2023-02-10,Heat,97,2022,Rockets,95
858190,2023-02-10,Grizzlies,128,2022,Timberwolves,107
858191,2023-02-10,Pacers,104,2022,Suns,117
858192,2023-02-10,Pistons,138,2022,Spurs,131
858193,2023-02-10,76ers,119,2022,Knicks,108
858194,2023-02-10,Pelicans,107,2022,Cavaliers,118
858195,2023-02-10,Celtics,127,2022,Hornets,116
858196,2023-02-10,Kings,114,2022,Mavericks,122
858197,2023-02-10,Trail Blazers,129,2022,Thunder,138
858198,2023-02-10,Raptors,116,2022,Jazz,122
858199,2023-02-10,Clippers,106,2022,Bucks,119
858200,2023-02-11,Nets,98,2022,76ers,101
858201,2023-02-11,Wizards,127,2022,Pacers,113
858202,2023-02-11,Warriors,103,2022,Lakers,109
858203,2023-02-11,Cavaliers,97,2022,Bulls,89
858204,2023-02-11,Knicks,126,2022,Jazz,120
858205,2023-02-11,Magic,103,2022,Heat,107
858206,2023-02-11,Hornets,105,2022,Nuggets,119
858207,2023-02-11,Hawks,125,2022,Spurs,106
858208,2023-02-11,Kings,133,2022,Mavericks,128
858209,2023-02-12,Raptors,119,2022,Pistons,118
858210,2023-02-12,Celtics,119,2022,Grizzlies,109
858211,2023-02-13,Mavericks,121,2022,Timberwolves,124
858212,2023-02-13,Warriors,135,2022,Wizards,126
858213,2023-02-13,Cavaliers,117,2022,Spurs,109
858214,2023-02-13,Heat,108,2022,Nuggets,112
858215,2023-02-13,76ers,123,2022,Rockets,104
858216,2023-02-13,Hornets,144,2022,Hawks,138
858217,2023-02-13,Knicks,124,2022,Nets,106
858218,2023-02-13,Bulls,91,2022,Magic,100
858219,2023-02-13,Thunder,100,2022,Pelicans,103
858220,2023-02-13,Pacers,117,2022,Jazz,123
858221,2023-02-13,Trail Blazers,127,2022,Lakers,115
858222,2023-02-14,Raptors,123,2022,Magic,113
858223,2023-02-14,Trail Blazers,101,2022,Wizards,126
858224,2023-02-14,Bucks,131,2022,Celtics,125
858225,2023-02-14,Suns,120,2022,Kings,109
858226,2023-02-14,Clippers,134,2022,Warriors,124
858227,2023-02-15,Lakers,120,2022,Pelicans,102
858228,2023-02-15,Celtics,127,2022,Pistons,109
858229,2023-02-15,Nets,116,2022,Heat,105
858230,2023-02-15,Hornets,120,2022,Spurs,110
858231,2023-02-15,76ers,118,2022,Cavaliers,112
858232,2023-02-15,Hawks,101,2022,Knicks,122
858233,2023-02-15,Grizzlies,117,2022,Jazz,111
858234,2023-02-15,Thunder,133,2022,Rockets,96
858235,2023-02-15,Pacers,117,2022,Bulls,113
858236,2023-02-15,Nuggets,118,2022,Mavericks,109
858237,2023-02-16,Bulls,100,2022,Bucks,112
858238,2023-02-16,Suns,107,2022,Clippers,116
858239,2023-02-16,Timberwolves,106,2022,Wizards,114
858240,2023-02-23,Mavericks,142,2022,Spurs,116
858241,2023-02-23,Jazz,120,2022,Thunder,119
858242,2023-02-23,76ers,110,2022,Grizzlies,105
858243,2023-02-23,Cavaliers,109,2022,Nuggets,115
858244,2023-02-23,Raptors,115,2022,Pelicans,110
858245,2023-02-23,Lakers,124,2022,Warriors,111
858246,2023-02-23,Pacers,138,2022,Celtics,142
858247,2023-02-23,Kings,133,2022,Trail Blazers,116
858248,2023-02-23,Magic,108,2022,Pistons,106
858249,2023-02-24,Hawks,136,2022,Cavaliers,119
858250,2023-02-24,Wizards,109,2022,Knicks,115
858251,2023-02-24,Clippers,175,2022,Kings,176
858252,2023-02-24,Suns,124,2022,Thunder,115
858253,2023-02-24,Bucks,128,2022,Heat,99
858254,2023-02-24,Timberwolves,113,2022,Hornets,121
858255,2023-02-24,Bulls,131,2022,Nets,87
858256,2023-02-24,Warriors,116,2022,Rockets,101
858257,2023-02-25,Pistons,91,2022,Raptors,95
858258,2023-02-25,Magic,108,2022,Pacers,121
858259,2023-02-25,Hornets,108,2022,Heat,103
858260,2023-02-25,76ers,107,2022,Celtics,110
858261,2023-02-25,Jazz,118,2022,Spurs,102
858262,2023-02-25,Knicks,128,2022,Pelicans,106
858263,2023-02-25,Grizzlies,112,2022,Nuggets,94
858264,2023-02-26,Nuggets,134,2022,Clippers,124
858265,2023-02-26,Warriors,109,2022,Timberwolves,104
858266,2023-02-26,Hawks,129,2022,Nets,127
858267,2023-02-26,Bucks,104,2022,Suns,101
858268,2023-02-26,Mavericks,108,2022,Lakers,111
858269,2023-02-26,Bulls,102,2022,Wizards,82
858270,2023-02-26,Cavaliers,118,2022,Raptors,93
858271,2023-02-26,Trail Blazers,131,2022,Rockets,114
858272,2023-02-26,Thunder,115,2022,Kings,124
858273,2023-02-27,Knicks,109,2022,Celtics,94
858274,2023-02-27,Pelicans,93,2022,Magic,101
858275,2023-02-27,76ers,99,2022,Heat,101
858276,2023-02-27,Hornets,117,2022,Pistons,106
858277,2023-02-28,Jazz,94,2022,Spurs,102
858278,2023-02-28,Clippers,101,2022,Timberwolves,108
858279,2023-02-28,Rockets,112,2022,Nuggets,133
858280,2023-02-28,Hawks,116,2022,Wizards,119
858281,2023-02-28,Mavericks,122,2022,Pacers,124
858282,2023-02-28,Nets,104,2022,Bucks,118
858283,2023-02-28,Thunder,117,2022,Kings,123
858284,2023-02-28,Grizzlies,121,2022,Lakers,109
858285,2023-02-28,Raptors,104,2022,Bulls,98
858286,2023-02-28,Warriors,123,2022,Trail Blazers,105
858287,2023-03-01,Trail Blazers,110,2022,Pelicans,121
858288,2023-03-01,Knicks,142,2022,Nets,118
858289,2023-03-01,Heat,96,2022,76ers,119
858290,2023-03-01,Celtics,117,2022,Cavaliers,113
858291,2023-03-01,Bucks,139,2022,Magic,117
858292,2023-03-01,Thunder,117,2022,Lakers,123
858293,2023-03-01,Rockets,99,2022,Grizzlies,113
858294,2023-03-01,Pistons,115,2022,Bulls,117
858295,2023-03-01,Hornets,91,2022,Suns,105
858296,2023-03-02,Wizards,119,2022,Raptors,108
858297,2023-03-02,Spurs,110,2022,Pacers,99
858298,2023-03-02,Warriors,115,2022,Clippers,91
858299,2023-03-02,Mavericks,133,2022,76ers,126
858300,2023-03-03,Kings,128,2022,Clippers,127
858301,2023-03-03,Lakers,102,2022,Timberwolves,110
858302,2023-03-03,Hornets,106,2022,Magic,117
858303,2023-03-03,Hawks,129,2022,Trail Blazers,111
858304,2023-03-03,Bulls,104,2022,Suns,125
858305,2023-03-03,Heat,120,2022,Knicks,122
858306,2023-03-03,Nuggets,113,2022,Grizzlies,97
858307,2023-03-03,Celtics,105,2022,Nets,115
858308,2023-03-03,Thunder,130,2022,Jazz,103
858309,2023-03-03,Warriors,108,2022,Pelicans,99
858310,2023-03-04,Bucks,130,2022,76ers,133
858311,2023-03-04,Wizards,109,2022,Raptors,116
858312,2023-03-04,Kings,134,2022,Timberwolves,138
858313,2023-03-04,Spurs,110,2022,Rockets,122
858314,2023-03-04,Heat,117,2022,Hawks,109
858315,2023-03-04,Cavaliers,114,2022,Pistons,90
858316,2023-03-05,Celtics,129,2022,Knicks,131
858317,2023-03-05,Lakers,113,2022,Warriors,105
858318,2023-03-05,Thunder,129,2022,Jazz,119
858319,2023-03-05,Mavericks,126,2022,Suns,130
858320,2023-03-05,Bulls,122,2022,Pacers,125
858321,2023-03-05,Rockets,142,2022,Spurs,110
858322,2023-03-05,Nets,102,2022,Hornets,86
858323,2023-03-05,Magic,119,2022,Trail Blazers,122
858324,2023-03-05,Clippers,135,2022,Grizzlies,129
858325,2023-03-06,Wizards,111,2022,Bucks,117
858326,2023-03-06,Heat,130,2022,Hawks,128
858327,2023-03-06,Nuggets,118,2022,Raptors,113
858328,2023-03-06,Cavaliers,118,2022,Celtics,114
858329,2023-03-06,Kings,123,2022,Pelicans,108
858330,2023-03-06,Pacers,143,2022,76ers,147
858331,2023-03-07,Knicks,105,2022,Hornets,112
858332,2023-03-07,Pistons,104,2022,Trail Blazers,110
858333,2023-03-07,Thunder,137,2022,Warriors,128
858334,2023-03-07,Timberwolves,94,2022,76ers,117
858335,2023-03-07,Rockets,96,2022,Nets,118
858336,2023-03-07,Mavericks,120,2022,Jazz,116
858337,2023-03-07,Magic,123,2022,Bucks,134
858338,2023-03-07,Lakers,112,2022,Grizzlies,103
858339,2023-03-08,Heat,100,2022,Cavaliers,104
858340,2023-03-08,Pelicans,113,2022,Mavericks,106
858341,2023-03-08,Wizards,120,2022,Hawks,122
858342,2023-03-08,Nuggets,96,2022,Bulls,117
858343,2023-03-08,Celtics,115,2022,Trail Blazers,93
858344,2023-03-08,Suns,132,2022,Thunder,101
858345,2023-03-08,Clippers,108,2022,Raptors,100
858346,2023-03-09,Pistons,103,2022,Hornets,113
858347,2023-03-09,Magic,124,2022,Jazz,131
858348,2023-03-09,Kings,122,2022,Knicks,117
858349,2023-03-09,Grizzlies,131,2022,Warriors,110
858350,2023-03-09,Pacers,134,2022,Rockets,125
858351,2023-03-09,Bucks,118,2022,Nets,113
858352,2023-03-10,Timberwolves,123,2022,Nets,124
858353,2023-03-10,Lakers,122,2022,Raptors,112
858354,2023-03-10,Wizards,107,2022,Hawks,114
858355,2023-03-10,Spurs,128,2022,Nuggets,120
858356,2023-03-10,76ers,120,2022,Trail Blazers,119
858357,2023-03-10,Heat,119,2022,Cavaliers,115
858358,2023-03-11,Warriors,125,2022,Bucks,116
858359,2023-03-11,Suns,119,2022,Kings,128
858360,2023-03-11,Clippers,106,2022,Knicks,95
858361,2023-03-11,Pistons,115,2022,Pacers,121
858362,2023-03-11,Pelicans,96,2022,Thunder,110
858363,2023-03-11,Magic,126,2022,Heat,114
858364,2023-03-11,Hornets,111,2022,Jazz,119
858365,2023-03-11,Rockets,111,2022,Bulls,119
858366,2023-03-11,Hawks,125,2022,Celtics,134
858367,2023-03-11,Grizzlies,112,2022,Mavericks,108
858368,2023-03-12,76ers,112,2022,Wizards,93
858369,2023-03-12,Nuggets,120,2022,Nets,122
858370,2023-03-12,Pelicans,127,2022,Trail Blazers,110
858371,2023-03-12,Spurs,90,2022,Thunder,102
858372,2023-03-12,Hornets,108,2022,Cavaliers,114
858373,2023-03-12,Lakers,108,2022,Knicks,112
858374,2023-03-13,Heat,119,2022,Jazz,115
858375,2023-03-13,Warriors,123,2022,Suns,112
858376,2023-03-13,Rockets,111,2022,Celtics,109
858377,2023-03-13,Hawks,115,2022,Timberwolves,136
858378,2023-03-13,Mavericks,88,2022,Grizzlies,104
858379,2023-03-13,Pistons,117,2022,Pacers,97
858380,2023-03-13,Kings,124,2022,Bucks,133
858381,2023-03-14,Thunder,121,2022,Nets,107
858382,2023-03-14,Pelicans,108,2022,Lakers,123
858383,2023-03-14,Hornets,104,2022,Cavaliers,120
858384,2023-03-14,Spurs,132,2022,Magic,114
858385,2023-03-14,Wizards,117,2022,Pistons,97
858386,2023-03-14,Raptors,125,2022,Nuggets,110
858387,2023-03-14,Suns,104,2022,Bucks,116
858388,2023-03-14,Trail Blazers,107,2022,Knicks,123
858389,2023-03-15,Spurs,128,2022,Mavericks,137
858390,2023-03-15,Timberwolves,102,2022,Celtics,104
858391,2023-03-15,Rockets,114,2022,Lakers,110
858392,2023-03-15,Clippers,134,2022,Warriors,126
858393,2023-03-15,Cavaliers,109,2022,76ers,118
858394,2023-03-15,Heat,138,2022,Grizzlies,119
858395,2023-03-15,Bulls,114,2022,Kings,117
858396,2023-03-16,Bucks,123,2022,Pacers,139
858397,2023-03-16,Suns,116,2022,Magic,113
858398,2023-03-16,Pistons,100,2022,Nuggets,119
858399,2023-03-16,Raptors,128,2022,Thunder,111
858400,2023-03-16,Nets,96,2022,Kings,101
858401,2023-03-17,Bulls,139,2022,Timberwolves,131
858402,2023-03-17,Cavaliers,117,2022,Wizards,94
858403,2023-03-17,Trail Blazers,112,2022,Celtics,126
858404,2023-03-17,Lakers,110,2022,Mavericks,111
858405,2023-03-17,Rockets,114,2022,Pelicans,112
858406,2023-03-17,Hawks,127,2022,Warriors,119
858407,2023-03-17,Spurs,120,2022,Grizzlies,126
858408,2023-03-17,Hornets,82,2022,76ers,121
858409,2023-03-18,Pacers,121,2022,76ers,141
858410,2023-03-18,Wizards,118,2022,Kings,132
858411,2023-03-18,Knicks,116,2022,Nuggets,110
858412,2023-03-18,Bulls,113,2022,Heat,99
858413,2023-03-18,Clippers,108,2022,Magic,113
858414,2023-03-18,Grizzlies,133,2022,Warriors,119
858415,2023-03-18,Raptors,122,2022,Timberwolves,107
858416,2023-03-18,Jazz,118,2022,Celtics,117
858417,2023-03-19,Spurs,126,2022,Hawks,118
858418,2023-03-19,Rockets,107,2022,Pelicans,117
858419,2023-03-19,Pistons,100,2022,Heat,112
858420,2023-03-19,Lakers,111,2022,Magic,105
858421,2023-03-19,Trail Blazers,102,2022,Clippers,117
858422,2023-03-19,Thunder,124,2022,Suns,120
858423,2023-03-19,Bucks,118,2022,Raptors,111
858424,2023-03-19,Nets,102,2022,Nuggets,108
858425,2023-03-20,Hornets,115,2022,Pacers,109
858426,2023-03-20,76ers,105,2022,Bulls,109
858427,2023-03-20,Grizzlies,112,2022,Mavericks,108
858428,2023-03-20,Knicks,134,2022,Timberwolves,140
858429,2023-03-20,Jazz,128,2022,Kings,120
858430,2023-03-20,Rockets,108,2022,Warriors,121
858431,2023-03-21,Nets,109,2022,Cavaliers,115
858432,2023-03-21,Magic,122,2022,Wizards,112
858433,2023-03-21,Hawks,129,2022,Pistons,107
858434,2023-03-21,Kings,109,2022,Celtics,132
858435,2023-03-21,Pelicans,119,2022,Spurs,84
858436,2023-03-21,Clippers,100,2022,Thunder,101
858437,2023-03-22,Jazz,115,2022,Trail Blazers,127
858438,2023-03-22,Lakers,122,2022,Suns,111
858439,2023-03-22,Wizards,104,2022,Nuggets,118
858440,2023-03-22,Heat,127,2022,Knicks,120
858441,2023-03-22,Raptors,114,2022,Pacers,118
858442,2023-03-22,Bucks,130,2022,Spurs,94
858443,2023-03-22,Grizzlies,130,2022,Rockets,125
858444,2023-03-22,Mavericks,125,2022,Warriors,127
858445,2023-03-22,Bulls,91,2022,76ers,116
858446,2023-03-22,Timberwolves,125,2022,Hawks,124
858447,2023-03-23,Magic,111,2022,Knicks,106
858448,2023-03-23,Pelicans,115,2022,Hornets,96
858449,2023-03-23,Clippers,127,2022,Thunder,105
858450,2023-03-23,Nets,114,2022,Cavaliers,116
858451,2023-03-24,Lakers,116,2022,Thunder,111
858452,2023-03-24,Trail Blazers,96,2022,Bulls,124
858453,2023-03-24,Raptors,118,2022,Pistons,97
858454,2023-03-24,Warriors,120,2022,76ers,112
858455,2023-03-24,Mavericks,109,2022,Hornets,117
858456,2023-03-24,Grizzlies,151,2022,Rockets,114
858457,2023-03-24,Celtics,120,2022,Pacers,95
858458,2023-03-24,Jazz,116,2022,Bucks,144
858459,2023-03-24,Wizards,136,2022,Spurs,124
858460,2023-03-24,Kings,135,2022,Suns,127
858461,2023-03-25,Hawks,143,2022,Pacers,130
858462,2023-03-25,Suns,125,2022,76ers,105
858463,2023-03-25,Nuggets,129,2022,Bucks,106
858464,2023-03-25,Clippers,110,2022,Pelicans,131
858465,2023-03-25,Kings,121,2022,Jazz,113
858466,2023-03-25,Heat,100,2022,Nets,129
858467,2023-03-26,Warriors,96,2022,Timberwolves,99
858468,2023-03-26,Celtics,137,2022,Spurs,93
858469,2023-03-26,Magic,119,2022,Nets,106
858470,2023-03-26,Lakers,108,2022,Bulls,118
858471,2023-03-26,Hornets,110,2022,Mavericks,104
858472,2023-03-26,Cavaliers,108,2022,Rockets,91
858473,2023-03-26,Raptors,114,2022,Wizards,104
858474,2023-03-26,Hawks,119,2022,Grizzlies,123
858475,2023-03-26,Trail Blazers,112,2022,Thunder,118
858476,2023-03-27,Pistons,117,2022,Bucks,126
858477,2023-03-27,Nuggets,116,2022,76ers,111
858478,2023-03-27,Kings,115,2022,Timberwolves,119
858479,2023-03-27,Knicks,137,2022,Rockets,115
858480,2023-03-27,Jazz,103,2022,Suns,117
858481,2023-03-27,Trail Blazers,90,2022,Pelicans,124
858482,2023-03-27,Clippers,124,2022,Bulls,112
858483,2023-03-27,Pacers,104,2022,Mavericks,127
858484,2023-03-28,Hawks,120,2022,Cavaliers,118
858485,2023-03-28,Raptors,106,2022,Heat,92
858486,2023-03-28,Warriors,120,2022,Pelicans,109
858487,2023-03-28,Wizards,130,2022,Celtics,111
858488,2023-03-28,Thunder,134,2022,Hornets,137
858489,2023-03-28,Grizzlies,113,2022,Magic,108
858490,2023-03-29,Suns,107,2022,Timberwolves,100
858491,2023-03-29,Trail Blazers,80,2022,Kings,120
858492,2023-03-29,76ers,116,2022,Mavericks,108
858493,2023-03-29,Grizzlies,132,2022,Clippers,141
858494,2023-03-29,Pacers,136,2022,Bucks,149
858495,2023-03-29,Thunder,107,2022,Pistons,106
858496,2023-03-29,Bulls,110,2022,Lakers,121
858497,2023-03-29,Knicks,101,2022,Heat,92
858498,2023-03-29,Nets,123,2022,Rockets,114
858499,2023-03-29,Spurs,117,2022,Jazz,128
858500,2023-03-30,Nuggets,88,2022,Pelicans,107
858501,2023-03-30,Bucks,99,2022,Celtics,140
858502,2023-03-31,Grizzlies,108,2022,Clippers,94
858503,2023-03-31,Timberwolves,111,2022,Lakers,123
858504,2023-03-31,Cavaliers,116,2022,Knicks,130
858505,2023-03-31,76ers,117,2022,Raptors,110
858506,2023-03-31,Celtics,122,2022,Jazz,114
858507,2023-03-31,Rockets,121,2022,Pistons,115
858508,2023-03-31,Nets,124,2022,Hawks,107
858509,2023-03-31,Pacers,121,2022,Thunder,117
858510,2023-03-31,Hornets,91,2022,Bulls,121
858511,2023-03-31,Wizards,109,2022,Magic,116
858512,2023-03-31,Warriors,130,2022,Spurs,115
858513,2023-03-31,Trail Blazers,114,2022,Kings,138
858514,2023-03-31,Suns,100,2022,Nuggets,93
858515,2023-04-01,Pelicans,122,2022,Clippers,114
858516,2023-04-01,Heat,129,2022,Mavericks,122
858517,2023-04-02,Bulls,128,2022,Grizzlies,107
858518,2023-04-02,Rockets,109,2022,Lakers,134
858519,2023-04-02,Nets,111,2022,Jazz,110
858520,2023-04-02,Hornets,108,2022,Raptors,128
858521,2023-04-02,Knicks,118,2022,Wizards,109
858522,2023-04-02,Thunder,118,2022,Suns,128
858523,2023-04-02,Timberwolves,105,2022,Trail Blazers,107
858524,2023-04-02,Hawks,132,2022,Mavericks,130
858525,2023-04-02,Kings,134,2022,Spurs,142
858526,2023-04-02,Magic,128,2022,Pistons,102
858527,2023-04-02,Cavaliers,115,2022,Pacers,105
858528,2023-04-02,Bucks,117,2022,76ers,104
858529,2023-04-02,Nuggets,112,2022,Warriors,110
858530,2023-04-04,Rockets,124,2022,Nuggets,103
858531,2023-04-04,Magic,113,2022,Cavaliers,117
858532,2023-04-04,Pistons,105,2022,Heat,118
858533,2023-04-04,Hornets,100,2022,Raptors,120
858534,2023-04-04,Bulls,105,2022,Hawks,123
858535,2023-04-04,76ers,103,2022,Celtics,101
858536,2023-04-04,Nets,102,2022,Timberwolves,107
858537,2023-04-04,Pelicans,103,2022,Kings,121
858538,2023-04-04,Grizzlies,119,2022,Trail Blazers,109
858539,2023-04-04,Wizards,128,2022,Bucks,140
858540,2023-04-04,Jazz,133,2022,Lakers,135
858541,2023-04-04,Warriors,136,2022,Thunder,125
858542,2023-04-04,Suns,115,2022,Spurs,94
858543,2023-04-05,Pistons,108,2022,Nets,123
858544,2023-04-05,Hawks,134,2022,Wizards,116
858545,2023-04-05,Celtics,97,2022,Raptors,93
858546,2023-04-05,Pelicans,138,2022,Grizzlies,131
858547,2023-04-05,Pacers,129,2022,Knicks,138
858548,2023-04-05,Mavericks,123,2022,Kings,119
858549,2023-04-05,Clippers,125,2022,Lakers,118
858550,2023-04-05,Bucks,105,2022,Bulls,92
858551,2023-04-06,Jazz,98,2022,Thunder,114
858552,2023-04-06,Suns,119,2022,Nuggets,115
858553,2023-04-06,Spurs,129,2022,Trail Blazers,127
858554,2023-04-06,Magic,94,2022,Cavaliers,118
858555,2023-04-06,76ers,101,2022,Heat,129
858556,2023-04-07,Bucks,114,2022,Grizzlies,137
858557,2023-04-07,Pelicans,113,2022,Knicks,105
858558,2023-04-07,Hawks,131,2022,76ers,136
858559,2023-04-07,Mavericks,112,2022,Bulls,115
858560,2023-04-07,Celtics,121,2022,Raptors,102
858561,2023-04-07,Wizards,114,2022,Heat,108
858562,2023-04-07,Hornets,109,2022,Rockets,112
858563,2023-04-07,Kings,97,2022,Warriors,119
858564,2023-04-07,Nets,101,2022,Magic,84
858565,2023-04-07,Pacers,115,2022,Pistons,122
858566,2023-04-07,Lakers,121,2022,Suns,107
858567,2023-04-08,Jazz,118,2022,Nuggets,114
858568,2023-04-08,Spurs,131,2022,Timberwolves,151
858569,2023-04-08,Clippers,136,2022,Trail Blazers,125
858570,2023-04-09,Cavaliers,95,2022,Hornets,106
858571,2023-04-09,Mavericks,117,2022,Spurs,138
858572,2023-04-09,Heat,123,2022,Magic,110
858573,2023-04-09,Raptors,121,2022,Bucks,105
858574,2023-04-09,Celtics,120,2022,Hawks,114
858575,2023-04-09,Bulls,103,2022,Pistons,81
858576,2023-04-09,Wizards,109,2022,Rockets,114
858577,2023-04-09,Nets,105,2022,76ers,134
858578,2023-04-09,Timberwolves,113,2022,Pelicans,108
858579,2023-04-09,Knicks,136,2022,Pacers,141
858580,2023-04-09,Thunder,115,2022,Grizzlies,100
858581,2023-04-09,Nuggets,109,2022,Kings,95
858582,2023-04-09,Trail Blazers,101,2022,Warriors,157
858583,2023-04-09,Lakers,128,2022,Jazz,117
858584,2023-04-09,Suns,114,2022,Clippers,119
890550,2023-04-11,Heat,105,2022,Hawks,116
890551,2023-04-11,Lakers,108,2022,Timberwolves,102
890552,2023-04-12,Raptors,105,2022,Bulls,109
890553,2023-04-12,Pelicans,118,2022,Thunder,123
890554,2023-04-15,76ers,121,2022,Nets,101
890555,2023-04-15,Cavaliers,97,2022,Knicks,101
890556,2023-04-15,Kings,126,2022,Warriors,123
890557,2023-04-16,Suns,110,2022,Clippers,115
891700,2023-04-15,Celtics,112,2022,Hawks,99
891774,2023-04-16,Grizzlies,112,2022,Lakers,128
892493,2023-04-17,76ers,96,2022,Nets,84
892494,2023-04-17,Kings,114,2022,Warriors,106
892495,2023-04-18,Celtics,119,2022,Hawks,106
892496,2023-04-18,Cavaliers,107,2022,Knicks,90
892497,2023-04-18,Suns,123,2022,Clippers,109
892498,2023-04-19,Grizzlies,103,2022,Lakers,93
892499,2023-04-20,Nets,97,2022,76ers,102
892500,2023-04-20,Warriors,114,2022,Kings,97
892501,2023-04-20,Clippers,124,2022,Suns,129
892502,2023-04-21,Hawks,130,2022,Celtics,122
892503,2023-04-21,Knicks,99,2022,Cavaliers,79
892504,2023-04-22,Nets,88,2022,76ers,96
892505,2023-04-22,Lakers,111,2022,Grizzlies,101
892506,2023-04-22,Clippers,100,2022,Suns,112
892507,2023-04-23,Hawks,121,2022,Celtics,129
892508,2023-04-23,Knicks,102,2022,Cavaliers,93
892509,2023-04-23,Warriors,126,2022,Kings,125
892511,2023-04-24,Lakers,117,2022,Grizzlies,111
892512,2023-04-25,Celtics,117,2022,Hawks,119
892513,2023-04-25,Suns,136,2022,Clippers,130
892514,2023-04-26,Cavaliers,95,2022,Knicks,106
892515,2023-04-26,Grizzlies,116,2022,Lakers,99
892516,2023-04-26,Kings,116,2022,Warriors,123
892517,2023-04-27,Hawks,120,2022,Celtics,128
892521,2023-04-28,Lakers,125,2022,Grizzlies,85
892522,2023-04-28,Warriors,99,2022,Kings,118
892528,2023-04-30,Kings,100,2022,Warriors,120
894221,2023-04-14,Heat,102,2022,Bulls,91
894953,2023-04-14,Timberwolves,120,2022,Thunder,95
906726,2023-04-16,Bucks,117,2022,Heat,130
906734,2023-04-19,Bucks,138,2022,Heat,122
906741,2023-04-22,Heat,121,2022,Bucks,99
906748,2023-04-24,Heat,119,2022,Bucks,114
906753,2023-04-26,Bucks,126,2022,Heat,128
907511,2023-04-16,Nuggets,109,2022,Timberwolves,80
907520,2023-04-19,Nuggets,122,2022,Timberwolves,113
907527,2023-04-21,Timberwolves,111,2022,Nuggets,120
907534,2023-04-23,Timberwolves,114,2022,Nuggets,108
907540,2023-04-25,Nuggets,112,2022,Timberwolves,109
967800,2023-04-29,Nuggets,125,2022,Suns,107
967805,2023-05-01,Nuggets,97,2022,Suns,87
967806,2023-05-05,Suns,121,2022,Nuggets,114
967807,2023-05-07,Suns,129,2022,Nuggets,124
967808,2023-05-09,Nuggets,118,2022,Suns,102
970431,2023-04-30,Knicks,101,2022,Heat,108
970433,2023-05-02,Knicks,111,2022,Heat,105
970435,2023-05-06,Heat,105,2022,Knicks,86
970437,2023-05-08,Heat,109,2022,Knicks,101
970439,2023-05-10,Knicks,112,2022,Heat,103
972853,2023-05-01,Celtics,115,2022,76ers,119
972856,2023-05-03,Celtics,121,2022,76ers,87
972857,2023-05-05,76ers,102,2022,Celtics,114
972860,2023-05-07,76ers,116,2022,Celtics,115
972863,2023-05-09,Celtics,103,2022,76ers,115
981609,2023-05-02,Warriors,112,2022,Lakers,117
981611,2023-05-04,Warriors,127,2022,Lakers,100
981615,2023-05-06,Lakers,127,2022,Warriors,97
981619,2023-05-08,Lakers,104,2022,Warriors,101
981623,2023-05-10,Warriors,121,2022,Lakers,106
