GAME_ID,GAME_DATE_EST,TEAM_ID_home,PTS_home,SEASON,TEAM_ID_away,PTS_away
857355,2022-10-18,2,126,2022,23,117
857356,2022-10-18,10,123,2022,14,109
857357,2022-10-19,12,107,2022,30,114
857358,2022-10-19,9,113,2022,22,109
857359,2022-10-19,3,108,2022,19,130
857360,2022-10-19,1,117,2022,11,107
857361,2022-10-19,16,108,2022,5,116
857362,2022-10-19,28,108,2022,6,105
857363,2022-10-19,15,115,2022,20,112
857364,2022-10-19,18,115,2022,21,108
857365,2022-10-19,24,107,2022,7,105
857366,2022-10-19,27,102,2022,4,129
857367,2022-10-19,29,123,2022,8,102
857368,2022-10-19,26,108,2022,25,115
857369,2022-10-20,14,97,2022,13,103
857370,2022-10-20,23,88,2022,17,90
857371,2022-10-21,3,109,2022,28,105
857372,2022-10-21,20,130,2022,9,106
857373,2022-10-21,12,134,2022,27,137
857374,2022-10-21,30,102,2022,5,100
857375,2022-10-21,16,104,2022,2,111
857376,2022-10-21,11,122,2022,15,129
857377,2022-10-21,10,123,2022,8,128
857378,2022-10-21,18,126,2022,29,132
857379,2022-10-21,4,112,2022,19,124
857380,2022-10-21,1,108,2022,22,98
857381,2022-10-21,25,113,2022,24,111
857382,2022-10-22,23,105,2022,27,114
857383,2022-10-22,5,96,2022,6,128
857384,2022-10-22,16,112,2022,28,109
857385,2022-10-22,22,120,2022,2,126
857386,2022-10-22,12,124,2022,9,115
857387,2022-10-22,26,109,2022,13,111
857388,2022-10-22,8,122,2022,21,117
857389,2022-10-22,17,125,2022,11,105
857390,2022-10-22,7,137,2022,15,96
857391,2022-10-23,14,104,2022,25,106
857392,2022-10-23,1,109,2022,4,126
857393,2022-10-23,6,117,2022,30,107
857394,2022-10-23,19,121,2022,29,122
857395,2022-10-23,13,95,2022,24,112
857396,2022-10-23,21,106,2022,18,116
857397,2022-10-23,10,130,2022,26,125
857398,2022-10-24,11,114,2022,29,108
857399,2022-10-24,16,90,2022,28,98
857400,2022-10-24,20,115,2022,22,102
857401,2022-10-24,18,106,2022,27,115
857402,2022-10-24,5,120,2022,2,102
857403,2022-10-24,23,120,2022,12,106
857404,2022-10-24,15,134,2022,3,124
857405,2022-10-24,25,135,2022,8,110
857406,2022-10-25,21,108,2022,13,94
857407,2022-10-25,30,120,2022,9,99
857408,2022-10-25,24,134,2022,10,105
857409,2022-10-25,19,113,2022,7,111
857410,2022-10-26,25,98,2022,16,119
857411,2022-10-26,8,110,2022,14,99
857412,2022-10-26,28,119,2022,23,109
857413,2022-10-26,6,103,2022,22,92
857414,2022-10-26,20,134,2022,4,131
857415,2022-10-26,5,124,2022,12,109
857416,2022-10-26,18,134,2022,27,122
857417,2022-10-26,17,110,2022,3,99
857418,2022-10-26,29,109,2022,11,101
857419,2022-10-26,9,113,2022,1,118
857420,2022-10-27,3,125,2022,7,129
857421,2022-10-27,26,110,2022,15,125
857422,2022-10-27,10,123,2022,16,110
857423,2022-10-27,21,118,2022,13,110
857424,2022-10-28,24,124,2022,19,111
857425,2022-10-28,27,129,2022,5,124
857426,2022-10-28,28,90,2022,23,112
857427,2022-10-28,30,117,2022,12,127
857428,2022-10-28,2,123,2022,6,132
857429,2022-10-28,18,111,2022,14,102
857430,2022-10-28,9,112,2022,1,136
857431,2022-10-28,8,117,2022,29,101
857432,2022-10-28,22,113,2022,4,93
857433,2022-10-28,17,119,2022,20,108
857434,2022-10-28,25,125,2022,11,111
857435,2022-10-29,26,119,2022,16,113
857436,2022-10-29,5,109,2022,23,114
857437,2022-10-29,4,120,2022,10,113
857438,2022-10-29,17,123,2022,1,115
857439,2022-10-29,29,124,2022,15,123
857440,2022-10-29,7,111,2022,21,117
857441,2022-10-29,3,116,2022,12,125
857442,2022-10-30,13,91,2022,19,112
857443,2022-10-30,24,124,2022,11,109
857444,2022-10-30,9,128,2022,10,114
857445,2022-10-30,6,121,2022,20,108
857446,2022-10-30,7,114,2022,22,105
857447,2022-10-30,14,121,2022,8,110
857448,2022-10-30,2,112,2022,30,94
857449,2022-10-30,27,107,2022,18,98
857450,2022-10-31,13,95,2022,11,93
857451,2022-10-31,3,116,2022,12,109
857452,2022-10-31,30,111,2022,23,118
857453,2022-10-31,17,110,2022,9,108
857454,2022-10-31,4,108,2022,26,115
857455,2022-10-31,28,139,2022,1,109
857456,2022-10-31,29,121,2022,15,105
857457,2022-11-01,21,116,2022,22,108
857458,2022-11-01,3,99,2022,5,108
857459,2022-11-01,16,116,2022,10,109
857460,2022-11-01,24,116,2022,18,107
857461,2022-11-02,17,116,2022,9,91
857462,2022-11-02,25,106,2022,15,111
857463,2022-11-02,16,110,2022,26,107
857464,2022-11-02,5,106,2022,4,88
857465,2022-11-02,6,114,2022,2,113
857466,2022-11-02,7,103,2022,29,100
857467,2022-11-02,23,111,2022,30,121
857468,2022-11-02,11,101,2022,13,109
857469,2022-11-02,27,100,2022,28,143
857470,2022-11-02,20,99,2022,1,112
857471,2022-11-02,14,120,2022,19,117
857472,2022-11-03,22,130,2022,10,129
857473,2022-11-03,21,110,2022,8,122
857474,2022-11-04,12,101,2022,16,99
857475,2022-11-04,18,102,2022,17,115
857476,2022-11-04,30,86,2022,3,128
857477,2022-11-04,7,111,2022,28,110
857478,2022-11-04,15,130,2022,4,99
857479,2022-11-04,2,123,2022,5,119
857480,2022-11-04,27,106,2022,13,113
857481,2022-11-04,9,88,2022,6,112
857482,2022-11-04,19,114,2022,10,105
857483,2022-11-04,23,104,2022,20,106
857484,2022-11-04,24,106,2022,25,108
857485,2022-11-04,14,116,2022,29,130
857486,2022-11-05,22,123,2022,26,126
857487,2022-11-05,4,94,2022,3,98
857488,2022-11-05,17,108,2022,21,94
857489,2022-11-05,8,126,2022,27,101
857490,2022-11-05,24,102,2022,25,82
857491,2022-11-05,18,129,2022,11,117
857492,2022-11-05,1,124,2022,19,121
857493,2022-11-05,20,118,2022,2,133
857494,2022-11-06,14,100,2022,6,114
857495,2022-11-06,28,113,2022,5,104
857496,2022-11-06,13,102,2022,29,110
857497,2022-11-06,15,103,2022,30,97
857498,2022-11-07,5,111,2022,28,97
857499,2022-11-07,16,107,2022,25,110
857500,2022-11-07,23,100,2022,24,88
857501,2022-11-07,12,129,2022,19,122
857502,2022-11-07,4,100,2022,30,108
857503,2022-11-07,1,117,2022,17,98
857504,2022-11-07,18,107,2022,20,120
857505,2022-11-07,22,127,2022,11,134
857506,2022-11-07,15,106,2022,2,109
857507,2022-11-07,9,112,2022,21,103
857508,2022-11-07,27,109,2022,8,115
857509,2022-11-07,7,96,2022,3,94
857510,2022-11-07,29,139,2022,14,116
857511,2022-11-07,10,116,2022,26,113
857512,2022-11-07,13,119,2022,6,117
857513,2022-11-09,2,128,2022,9,112
857514,2022-11-09,22,94,2022,7,87
857515,2022-11-09,4,95,2022,25,105
857516,2022-11-09,1,119,2022,29,125
857517,2022-11-09,12,119,2022,8,122
857518,2022-11-09,28,116,2022,11,109
857519,2022-11-09,18,117,2022,24,129
857520,2022-11-09,3,112,2022,20,85
857521,2022-11-09,5,111,2022,19,115
857522,2022-11-09,21,132,2022,17,136
857523,2022-11-09,27,122,2022,15,124
857524,2022-11-09,13,114,2022,14,101
857525,2022-11-09,26,127,2022,6,120
857526,2022-11-10,16,117,2022,4,112
857527,2022-11-10,30,113,2022,7,105
857528,2022-11-10,1,104,2022,23,95
857529,2022-11-10,19,95,2022,25,106
857530,2022-11-11,21,132,2022,28,113
857531,2022-11-11,10,106,2022,6,101
857532,2022-11-11,22,114,2022,24,97
857533,2022-11-11,2,131,2022,8,112
857534,2022-11-11,15,114,2022,18,103
857535,2022-11-11,14,114,2022,26,120
857536,2022-11-11,20,121,2022,9,112
857537,2022-11-11,27,111,2022,17,93
857538,2022-11-12,13,95,2022,3,110
857539,2022-11-12,30,121,2022,29,112
857540,2022-11-12,9,108,2022,2,117
857541,2022-11-12,16,132,2022,4,115
857542,2022-11-12,19,119,2022,11,106
857543,2022-11-12,23,121,2022,1,109
857544,2022-11-12,12,118,2022,28,104
857545,2022-11-12,7,117,2022,25,112
857546,2022-11-13,30,102,2022,15,92
857547,2022-11-13,5,103,2022,8,126
857548,2022-11-13,20,135,2022,21,145
857549,2022-11-13,6,124,2022,18,129
857550,2022-11-13,26,122,2022,10,115
857551,2022-11-13,23,105,2022,29,98
857552,2022-11-13,14,116,2022,3,103
857553,2022-11-14,11,106,2022,13,122
857554,2022-11-14,10,132,2022,27,95
857555,2022-11-14,2,126,2022,21,122
857556,2022-11-14,16,113,2022,24,112
857557,2022-11-14,9,111,2022,28,115
857558,2022-11-14,17,106,2022,1,121
857559,2022-11-14,22,105,2022,4,112
857560,2022-11-15,26,153,2022,3,121
857561,2022-11-15,19,113,2022,15,102
857562,2022-11-15,29,111,2022,20,118
857563,2022-11-15,25,117,2022,27,110
857564,2022-11-15,7,103,2022,13,101
857565,2022-11-16,19,124,2022,5,110
857566,2022-11-16,28,112,2022,16,104
857567,2022-11-16,4,113,2022,12,125
857568,2022-11-16,17,113,2022,6,98
857569,2022-11-16,22,108,2022,18,126
857570,2022-11-16,1,101,2022,2,126
857571,2022-11-16,30,120,2022,21,121
857572,2022-11-16,8,103,2022,20,106
857573,2022-11-16,7,92,2022,11,101
857574,2022-11-16,24,130,2022,10,119
857575,2022-11-17,13,96,2022,9,91
857576,2022-11-17,26,130,2022,27,112
857577,2022-11-17,25,107,2022,3,109
857578,2022-11-18,29,134,2022,24,133
857579,2022-11-18,19,109,2022,2,117
857580,2022-11-18,23,110,2022,17,102
857581,2022-11-18,5,107,2022,22,108
857582,2022-11-18,7,127,2022,8,99
857583,2022-11-18,15,121,2022,21,110
857584,2022-11-18,6,132,2022,4,122
857585,2022-11-18,30,107,2022,16,106
857586,2022-11-18,10,111,2022,20,101
857587,2022-11-18,11,91,2022,12,99
857588,2022-11-18,14,128,2022,9,121
857589,2022-11-19,1,124,2022,28,122
857590,2022-11-19,25,113,2022,29,118
857591,2022-11-19,12,114,2022,22,113
857592,2022-11-19,13,119,2022,27,97
857593,2022-11-19,23,109,2022,18,112
857594,2022-11-20,6,113,2022,16,87
857595,2022-11-20,26,137,2022,9,129
857596,2022-11-20,7,97,2022,8,98
857597,2022-11-20,3,127,2022,15,115
857598,2022-11-20,24,116,2022,20,95
857599,2022-11-20,30,106,2022,4,102
857600,2022-11-20,11,120,2022,10,127
857601,2022-11-20,14,123,2022,27,92
857602,2022-11-21,13,121,2022,29,114
857603,2022-11-21,6,114,2022,1,102
857604,2022-11-21,18,105,2022,16,101
857605,2022-11-21,5,121,2022,2,107
857606,2022-11-21,12,123,2022,22,102
857607,2022-11-21,17,119,2022,25,111
857608,2022-11-21,21,119,2022,20,129
857609,2022-11-21,19,128,2022,10,83
857610,2022-11-22,24,115,2022,14,105
857611,2022-11-22,8,108,2022,9,110
857612,2022-11-22,23,115,2022,3,106
857613,2022-11-22,15,109,2022,26,113
857614,2022-11-23,21,126,2022,8,131
857615,2022-11-23,17,113,2022,5,118
857616,2022-11-23,4,107,2022,23,101
857617,2022-11-23,12,101,2022,18,115
857618,2022-11-23,6,114,2022,25,96
857619,2022-11-23,1,115,2022,26,106
857620,2022-11-23,2,125,2022,7,112
857621,2022-11-23,16,113,2022,30,105
857622,2022-11-23,28,98,2022,3,112
857623,2022-11-23,27,110,2022,19,129
857624,2022-11-23,29,116,2022,9,125
857625,2022-11-23,10,124,2022,13,107
857626,2022-11-25,22,99,2022,23,107
857627,2022-11-25,4,110,2022,18,108
857628,2022-11-25,16,110,2022,30,107
857629,2022-11-25,12,128,2022,3,117
857630,2022-11-25,17,117,2022,6,102
857631,2022-11-25,20,129,2022,25,132
857632,2022-11-25,11,128,2022,1,122
857633,2022-11-25,15,132,2022,19,111
857634,2022-11-25,2,122,2022,26,104
857635,2022-11-25,21,123,2022,5,119
857636,2022-11-25,24,108,2022,9,102
857637,2022-11-25,10,129,2022,29,118
857638,2022-11-25,27,94,2022,14,105
857639,2022-11-25,13,104,2022,8,114
857640,2022-11-26,24,113,2022,29,112
857641,2022-11-26,11,118,2022,21,105
857642,2022-11-26,27,138,2022,14,143
857643,2022-11-26,28,105,2022,7,100
857644,2022-11-27,1,98,2022,16,106
857645,2022-11-27,13,114,2022,12,100
857646,2022-11-27,3,111,2022,25,97
857647,2022-11-27,20,123,2022,15,127
857648,2022-11-27,2,130,2022,30,121
857649,2022-11-27,22,103,2022,23,133
857650,2022-11-27,18,114,2022,10,137
857651,2022-11-27,17,124,2022,7,115
857652,2022-11-27,9,94,2022,6,102
857653,2022-11-28,2,140,2022,4,105
857654,2022-11-28,23,104,2022,1,101
857655,2022-11-28,30,142,2022,18,127
857656,2022-11-28,28,100,2022,6,88
857657,2022-11-28,3,109,2022,22,102
857658,2022-11-28,26,117,2022,24,122
857659,2022-11-28,29,107,2022,5,114
857660,2022-11-28,14,115,2022,12,116
857661,2022-11-28,19,105,2022,21,101
857662,2022-11-28,8,129,2022,11,113
857663,2022-11-29,25,112,2022,13,118
857664,2022-11-29,7,116,2022,10,113
857665,2022-11-29,9,110,2022,20,140
857666,2022-11-30,3,113,2022,30,107
857667,2022-11-30,2,134,2022,16,121
857668,2022-11-30,22,108,2022,1,125
857669,2022-11-30,6,113,2022,23,85
857670,2022-11-30,20,103,2022,17,109
857671,2022-11-30,21,119,2022,27,111
857672,2022-11-30,24,132,2022,5,113
857673,2022-11-30,19,126,2022,28,108
857674,2022-11-30,18,109,2022,15,101
857675,2022-11-30,8,120,2022,11,100
857676,2022-11-30,26,137,2022,12,114
857677,2022-11-30,29,125,2022,13,112
857678,2022-11-30,14,128,2022,25,109
857679,2022-12-01,9,131,2022,7,125
857680,2022-12-02,2,116,2022,16,120
857681,2022-12-02,1,117,2022,8,109
857682,2022-12-02,24,121,2022,11,122
857683,2022-12-02,17,129,2022,14,133
857684,2022-12-02,27,99,2022,19,117
857685,2022-12-02,3,114,2022,28,105
857686,2022-12-02,4,117,2022,30,116
857687,2022-12-02,29,139,2022,12,119
857688,2022-12-02,15,117,2022,23,109
857689,2022-12-02,6,107,2022,22,96
857690,2022-12-02,10,119,2022,5,111
857691,2022-12-03,20,100,2022,7,121
857692,2022-12-03,29,111,2022,25,116
857693,2022-12-03,13,96,2022,26,123
857694,2022-12-03,4,96,2022,17,105
857695,2022-12-03,18,128,2022,21,135
857696,2022-12-03,28,121,2022,22,108
857697,2022-12-03,10,120,2022,11,101
857698,2022-12-04,26,110,2022,5,101
857699,2022-12-04,27,95,2022,24,133
857700,2022-12-04,19,121,2022,8,106
857701,2022-12-04,30,119,2022,14,130
857702,2022-12-04,3,92,2022,2,103
857703,2022-12-04,9,112,2022,15,122
857704,2022-12-04,20,92,2022,6,81
857705,2022-12-04,25,116,2022,12,100
857706,2022-12-05,4,117,2022,13,119
857707,2022-12-05,10,104,2022,12,112
857708,2022-12-05,15,101,2022,16,93
857709,2022-12-05,28,110,2022,2,116
857710,2022-12-05,11,132,2022,23,123
857711,2022-12-05,22,102,2022,17,109
857712,2022-12-05,1,114,2022,21,121
857713,2022-12-05,7,130,2022,24,111
857714,2022-12-06,16,96,2022,9,116
857715,2022-12-06,8,115,2022,7,116
857716,2022-12-06,6,116,2022,14,102
857717,2022-12-07,17,126,2022,26,113
857718,2022-12-07,29,124,2022,10,123
857719,2022-12-07,28,126,2022,14,113
857720,2022-12-07,19,104,2022,9,98
857721,2022-12-07,20,113,2022,1,89
857722,2022-12-07,3,122,2022,4,116
857723,2022-12-07,15,123,2022,21,102
857724,2022-12-07,18,121,2022,12,115
857725,2022-12-07,22,116,2022,13,111
857726,2022-12-07,5,115,2022,30,111
857727,2022-12-07,24,98,2022,2,125
857728,2022-12-08,16,115,2022,13,110
857729,2022-12-08,27,118,2022,11,109
857730,2022-12-08,25,120,2022,8,121
857731,2022-12-09,22,113,2022,28,109
857732,2022-12-09,7,105,2022,17,106
857733,2022-12-09,4,102,2022,20,121
857734,2022-12-09,3,120,2022,1,116
857735,2022-12-09,15,114,2022,9,103
857736,2022-12-09,23,133,2022,14,122
857737,2022-12-09,12,121,2022,30,111
857738,2022-12-09,19,128,2022,24,117
857739,2022-12-09,6,95,2022,26,106
857740,2022-12-09,29,108,2022,18,118
857741,2022-12-10,16,111,2022,27,115
857742,2022-12-10,5,144,2022,7,115
857743,2022-12-10,30,107,2022,13,114
857744,2022-12-10,10,123,2022,2,107
857745,2022-12-10,6,110,2022,21,102
857746,2022-12-10,12,133,2022,3,136
857747,2022-12-10,8,115,2022,29,110
857748,2022-12-10,25,124,2022,18,118
857749,2022-12-11,9,117,2022,14,124
857750,2022-12-11,23,131,2022,4,113
857751,2022-12-11,1,123,2022,5,122
857752,2022-12-11,22,111,2022,28,99
857753,2022-12-11,19,129,2022,24,124
857754,2022-12-11,20,112,2022,26,99
857755,2022-12-11,11,97,2022,17,92
857756,2022-12-12,25,133,2022,18,112
857757,2022-12-12,30,100,2022,3,112
857758,2022-12-12,15,128,2022,1,103
857759,2022-12-12,27,112,2022,6,111
857760,2022-12-12,12,82,2022,16,87
857761,2022-12-12,13,113,2022,2,93
857762,2022-12-12,7,121,2022,21,114
857763,2022-12-13,17,128,2022,10,111
857764,2022-12-13,29,121,2022,19,100
857765,2022-12-13,14,118,2022,2,122
857766,2022-12-13,11,111,2022,24,97
857767,2022-12-13,23,123,2022,26,103
857768,2022-12-14,8,141,2022,30,128
857769,2022-12-14,13,99,2022,18,88
857770,2022-12-14,22,135,2022,1,124
857771,2022-12-14,12,125,2022,10,119
857772,2022-12-14,21,108,2022,16,110
857773,2022-12-14,28,123,2022,26,124
857774,2022-12-14,5,120,2022,20,128
857775,2022-12-14,7,90,2022,6,105
857776,2022-12-14,4,134,2022,9,141
857777,2022-12-14,27,112,2022,25,128
857778,2022-12-15,11,108,2022,16,111
857779,2022-12-15,29,132,2022,19,129
857780,2022-12-15,15,142,2022,17,101
857781,2022-12-15,13,95,2022,24,111
857782,2022-12-16,5,91,2022,20,114
857783,2022-12-16,14,126,2022,8,108
857784,2022-12-16,4,106,2022,1,125
857785,2022-12-16,28,116,2022,3,119
857786,2022-12-16,2,109,2022,22,117
857787,2022-12-16,21,110,2022,18,112
857788,2022-12-16,9,113,2022,26,122
857789,2022-12-16,23,118,2022,10,106
857790,2022-12-16,6,118,2022,12,112
857791,2022-12-16,7,130,2022,25,110
857792,2022-12-17,27,101,2022,16,111
857793,2022-12-17,13,102,2022,30,93
857794,2022-12-17,6,100,2022,7,99
857795,2022-12-17,11,95,2022,25,107
857796,2022-12-17,17,123,2022,29,97
857797,2022-12-17,24,118,2022,19,114
857798,2022-12-17,21,115,2022,15,109
857799,2022-12-18,8,119,2022,4,115
857800,2022-12-18,18,150,2022,5,126
857801,2022-12-18,2,92,2022,22,95
857802,2022-12-18,28,110,2022,10,126
857803,2022-12-18,14,119,2022,30,117
857804,2022-12-18,12,106,2022,20,109
857805,2022-12-18,9,121,2022,3,124
857806,2022-12-19,26,119,2022,4,125
857807,2022-12-19,6,122,2022,29,99
857808,2022-12-19,11,105,2022,27,124
857809,2022-12-19,19,119,2022,17,128
857810,2022-12-19,1,126,2022,22,125
857811,2022-12-19,24,130,2022,14,104
857812,2022-12-19,21,123,2022,25,121
857813,2022-12-19,18,116,2022,7,106
857814,2022-12-19,23,104,2022,28,101
857815,2022-12-20,20,132,2022,10,94
857816,2022-12-20,9,111,2022,29,126
857817,2022-12-20,8,105,2022,15,91
857818,2022-12-20,16,103,2022,5,113
857819,2022-12-20,24,110,2022,30,113
857820,2022-12-21,21,101,2022,25,98
857821,2022-12-21,26,134,2022,14,120
857822,2022-12-21,6,114,2022,17,106
857823,2022-12-21,23,113,2022,9,93
857824,2022-12-21,1,108,2022,5,110
857825,2022-12-21,11,110,2022,22,116
857826,2022-12-21,18,99,2022,7,104
857827,2022-12-21,2,112,2022,12,117
857828,2022-12-21,3,143,2022,10,113
857829,2022-12-21,20,106,2022,28,113
857830,2022-12-21,13,126,2022,4,105
857831,2022-12-22,19,126,2022,27,117
857832,2022-12-22,29,120,2022,30,112
857833,2022-12-23,23,119,2022,13,114
857834,2022-12-23,21,125,2022,19,128
857835,2022-12-23,2,121,2022,18,109
857836,2022-12-23,22,133,2022,27,113
857837,2022-12-23,20,117,2022,5,118
857838,2022-12-23,11,106,2022,7,112
857839,2022-12-23,6,107,2022,28,118
857840,2022-12-23,16,108,2022,12,111
857841,2022-12-23,3,118,2022,17,100
857842,2022-12-23,1,130,2022,9,105
857843,2022-12-23,8,120,2022,25,107
857844,2022-12-23,24,100,2022,15,125
857845,2022-12-23,26,111,2022,30,125
857846,2022-12-23,14,130,2022,4,134
857847,2022-12-25,2,139,2022,17,118
857848,2022-12-25,10,123,2022,15,109
857849,2022-12-25,8,128,2022,24,125
857850,2022-12-25,20,112,2022,23,119
857851,2022-12-25,7,124,2022,14,115
857852,2022-12-26,5,118,2022,11,133
857853,2022-12-26,19,113,2022,12,93
857854,2022-12-26,25,124,2022,4,113
857855,2022-12-26,9,131,2022,13,142
857856,2022-12-26,27,126,2022,29,122
857857,2022-12-26,6,117,2022,3,125
857858,2022-12-26,16,113,2022,18,110
857859,2022-12-27,22,110,2022,14,129
857860,2022-12-27,2,126,2022,11,102
857861,2022-12-27,12,129,2022,1,114
857862,2022-12-27,30,116,2022,23,111
857863,2022-12-27,28,113,2022,13,124
857864,2022-12-27,21,130,2022,27,114
857865,2022-12-27,15,108,2022,24,125
857866,2022-12-27,26,106,2022,8,113
857867,2022-12-27,7,126,2022,20,121
857868,2022-12-27,10,110,2022,4,105
857869,2022-12-28,19,119,2022,18,118
857870,2022-12-28,5,119,2022,17,113
857871,2022-12-28,30,127,2022,24,102
857872,2022-12-28,16,112,2022,14,98
857873,2022-12-28,9,121,2022,22,101
857874,2022-12-28,26,127,2022,8,126
857875,2022-12-28,1,107,2022,3,108
857876,2022-12-28,10,112,2022,29,107
857877,2022-12-29,28,106,2022,15,119
857878,2022-12-29,7,129,2022,11,114
857879,2022-12-29,4,121,2022,21,113
857880,2022-12-29,12,135,2022,6,126
857881,2022-12-29,2,116,2022,13,110
857882,2022-12-29,27,122,2022,20,115
857883,2022-12-30,10,118,2022,25,112
857884,2022-12-30,8,124,2022,16,119
857885,2022-12-30,19,127,2022,23,116
857886,2022-12-30,17,123,2022,18,114
857887,2022-12-30,5,132,2022,9,118
857888,2022-12-30,28,113,2022,24,104
857889,2022-12-30,1,121,2022,14,130
857890,2022-12-30,22,100,2022,30,119
857891,2022-12-30,26,126,2022,29,125
857892,2022-12-31,12,131,2022,13,130
857893,2022-12-31,5,102,2022,6,103
857894,2022-12-31,4,106,2022,3,123
857895,2022-12-31,29,123,2022,16,126
857896,2022-12-31,21,96,2022,23,115
857897,2022-12-31,11,88,2022,20,108
857898,2022-12-31,18,104,2022,9,116
857899,2022-12-31,15,116,2022,19,101
857900,2022-12-31,27,125,2022,7,126
857901,2023-01-01,17,95,2022,30,118
857902,2023-01-01,15,118,2022,26,108
857903,2023-01-01,8,123,2022,2,111
857904,2023-01-02,10,143,2022,1,141
857905,2023-01-02,18,124,2022,8,111
857906,2023-01-02,12,122,2022,28,114
857907,2023-01-02,11,106,2022,7,111
857908,2023-01-02,6,145,2022,5,134
857909,2023-01-02,20,102,2022,24,83
857910,2023-01-02,4,115,2022,14,121
857911,2023-01-02,23,120,2022,19,111
857912,2023-01-02,25,135,2022,9,106
857913,2023-01-02,3,139,2022,27,103
857914,2023-01-02,13,100,2022,16,110
857915,2023-01-03,17,123,2022,30,113
857916,2023-01-03,21,150,2022,2,117
857917,2023-01-03,29,115,2022,26,117
857918,2023-01-04,5,121,2022,3,112
857919,2023-01-04,22,126,2022,21,115
857920,2023-01-04,18,113,2022,25,106
857921,2023-01-04,20,117,2022,27,114
857922,2023-01-04,10,119,2022,9,122
857923,2023-01-04,4,107,2022,15,131
857924,2023-01-04,19,119,2022,11,108
857925,2023-01-04,28,101,2022,17,104
857926,2023-01-04,6,90,2022,24,88
857927,2023-01-04,23,129,2022,12,126
857928,2023-01-04,14,112,2022,16,109
857929,2023-01-04,26,117,2022,1,120
857930,2023-01-05,7,95,2022,2,124
857931,2023-01-05,22,115,2022,15,123
857932,2023-01-05,8,122,2022,13,91
857933,2023-01-05,11,114,2022,29,131
857934,2023-01-06,17,109,2022,4,138
857935,2023-01-06,21,127,2022,30,110
857936,2023-01-06,27,121,2022,9,109
857937,2023-01-06,23,112,2022,5,126
857938,2023-01-06,18,128,2022,13,115
857939,2023-01-06,19,102,2022,3,108
857940,2023-01-06,24,96,2022,16,104
857941,2023-01-06,28,108,2022,20,112
857942,2023-01-06,12,108,2022,25,99
857943,2023-01-06,8,121,2022,6,108
857944,2023-01-06,14,130,2022,1,114
857945,2023-01-07,27,116,2022,2,121
857946,2023-01-07,5,126,2022,29,118
857947,2023-01-07,10,101,2022,22,115
857948,2023-01-07,7,127,2022,19,117
857949,2023-01-07,26,134,2022,14,136
857950,2023-01-08,15,123,2022,29,118
857951,2023-01-08,16,101,2022,3,102
857952,2023-01-08,11,96,2022,18,104
857953,2023-01-08,9,111,2022,23,123
857954,2023-01-08,12,116,2022,4,111
857955,2023-01-08,28,117,2022,25,105
857956,2023-01-08,21,120,2022,7,109
857957,2023-01-08,24,98,2022,6,112
857958,2023-01-08,13,108,2022,1,112
857959,2023-01-09,15,121,2022,27,113
857960,2023-01-09,20,107,2022,17,111
857961,2023-01-09,2,107,2022,5,99
857962,2023-01-09,8,122,2022,14,109
857963,2023-01-09,30,112,2022,19,132
857964,2023-01-09,26,136,2022,22,111
857965,2023-01-10,16,112,2022,21,111
857966,2023-01-10,23,147,2022,9,116
857967,2023-01-10,25,106,2022,22,109
857968,2023-01-10,13,113,2022,7,101
857969,2023-01-10,10,113,2022,24,125
857970,2023-01-10,29,116,2022,6,114
857971,2023-01-10,28,132,2022,4,120
857972,2023-01-11,30,100,2022,5,97
857973,2023-01-11,8,126,2022,24,97
857974,2023-01-11,26,135,2022,11,115
857975,2023-01-11,2,125,2022,19,114
857976,2023-01-11,9,135,2022,18,118
857977,2023-01-11,15,135,2022,27,129
857978,2023-01-11,20,119,2022,12,113
857979,2023-01-11,1,105,2022,17,114
857980,2023-01-12,23,114,2022,21,133
857981,2023-01-12,28,124,2022,4,114
857982,2023-01-12,14,115,2022,7,119
857983,2023-01-12,25,113,2022,6,119
857984,2023-01-12,3,98,2022,2,109
857985,2023-01-12,16,108,2022,17,102
857986,2023-01-13,26,139,2022,11,114
857987,2023-01-13,30,108,2022,20,112
857988,2023-01-13,13,103,2022,8,115
857989,2023-01-13,9,110,2022,19,116
857990,2023-01-13,18,121,2022,24,116
857991,2023-01-13,12,111,2022,1,113
857992,2023-01-13,27,113,2022,10,144
857993,2023-01-13,29,112,2022,22,108
857994,2023-01-13,5,110,2022,21,124
857995,2023-01-14,12,112,2022,15,130
857996,2023-01-14,28,103,2022,1,114
857997,2023-01-14,29,117,2022,23,118
857998,2023-01-14,16,111,2022,17,95
857999,2023-01-14,25,136,2022,7,119
858000,2023-01-14,4,106,2022,2,122
858001,2023-01-14,18,110,2022,6,102
858002,2023-01-15,5,132,2022,10,118
858003,2023-01-15,9,104,2022,20,117
858004,2023-01-15,8,119,2022,22,116
858005,2023-01-15,13,121,2022,11,100
858006,2023-01-15,27,119,2022,26,132
858007,2023-01-15,14,112,2022,23,113
858008,2023-01-15,3,102,2022,21,112
858009,2023-01-15,25,140,2022,7,123
858010,2023-01-16,14,140,2022,11,132
858011,2023-01-16,1,121,2022,16,113
858012,2023-01-16,30,118,2022,10,127
858013,2023-01-16,17,132,2022,12,119
858014,2023-01-16,6,113,2022,19,103
858015,2023-01-16,15,136,2022,24,106
858016,2023-01-16,18,125,2022,29,126
858017,2023-01-16,4,118,2022,2,130
858018,2023-01-16,20,121,2022,28,123
858019,2023-01-17,27,106,2022,3,98
858020,2023-01-17,17,130,2022,28,122
858021,2023-01-17,13,110,2022,23,120
858022,2023-01-17,8,122,2022,25,113
858023,2023-01-18,14,111,2022,26,116
858024,2023-01-18,21,126,2022,12,106
858025,2023-01-18,15,115,2022,6,114
858026,2023-01-18,19,98,2022,16,124
858027,2023-01-18,29,126,2022,13,103
858028,2023-01-18,11,117,2022,4,122
858029,2023-01-18,20,105,2022,30,116
858030,2023-01-18,8,122,2022,18,118
858031,2023-01-18,7,122,2022,1,130
858032,2023-01-19,9,108,2022,5,126
858033,2023-01-19,24,117,2022,3,112
858034,2023-01-19,2,121,2022,10,118
858035,2023-01-19,18,128,2022,28,126
858036,2023-01-19,25,95,2022,23,105
858037,2023-01-20,26,118,2022,21,113
858038,2023-01-20,6,114,2022,10,120
858039,2023-01-20,22,123,2022,19,110
858040,2023-01-20,7,115,2022,16,90
858041,2023-01-20,27,126,2022,13,131
858042,2023-01-20,29,106,2022,3,117
858043,2023-01-20,8,134,2022,12,111
858044,2023-01-20,14,122,2022,15,121
858045,2023-01-20,1,139,2022,20,124
858046,2023-01-21,18,113,2022,11,104
858047,2023-01-21,6,114,2022,17,102
858048,2023-01-21,24,112,2022,12,107
858049,2023-01-21,28,104,2022,2,106
858050,2023-01-21,26,127,2022,23,129
858051,2023-01-21,30,138,2022,22,118
858052,2023-01-21,1,118,2022,4,122
858053,2023-01-22,16,100,2022,19,96
858054,2023-01-22,8,99,2022,21,101
858055,2023-01-22,10,116,2022,3,120
858056,2023-01-22,28,125,2022,20,116
858057,2023-01-22,25,112,2022,14,121
858058,2023-01-22,7,98,2022,13,112
858059,2023-01-22,24,112,2022,15,110
858060,2023-01-23,9,130,2022,17,150
858061,2023-01-23,11,119,2022,18,114
858062,2023-01-23,25,147,2022,27,127
858063,2023-01-23,26,133,2022,15,100
858064,2023-01-23,29,120,2022,4,102
858065,2023-01-23,5,111,2022,1,100
858066,2023-01-23,22,113,2022,2,98
858067,2023-01-24,20,105,2022,6,103
858068,2023-01-24,19,98,2022,8,99
858069,2023-01-24,16,98,2022,2,95
858070,2023-01-24,12,116,2022,5,110
858071,2023-01-24,7,126,2022,30,127
858072,2023-01-24,24,128,2022,4,97
858073,2023-01-24,14,115,2022,13,133
858074,2023-01-25,26,95,2022,28,113
858075,2023-01-25,14,113,2022,27,104
858076,2023-01-25,22,126,2022,12,120
858077,2023-01-25,23,137,2022,3,133
858078,2023-01-25,11,103,2022,30,108
858079,2023-01-25,21,132,2022,1,137
858080,2023-01-25,10,122,2022,15,120
858081,2023-01-25,17,107,2022,8,99
858082,2023-01-25,19,102,2022,18,111
858083,2023-01-25,25,134,2022,29,124
858084,2023-01-26,13,138,2022,27,100
858085,2023-01-26,4,111,2022,5,96
858086,2023-01-26,3,122,2022,9,130
858087,2023-01-26,11,95,2022,6,113
858088,2023-01-26,24,95,2022,7,99
858089,2023-01-26,2,117,2022,20,120
858090,2023-01-27,10,129,2022,28,117
858091,2023-01-27,21,112,2022,6,100
858092,2023-01-27,16,110,2022,22,105
858093,2023-01-27,12,131,2022,17,141
858094,2023-01-27,18,111,2022,15,100
858095,2023-01-28,29,108,2022,7,100
858096,2023-01-28,2,125,2022,14,121
858097,2023-01-28,18,117,2022,26,110
858098,2023-01-28,9,114,2022,11,117
858099,2023-01-28,19,103,2022,30,113
858100,2023-01-28,23,126,2022,8,119
858101,2023-01-28,27,118,2022,24,128
858102,2023-01-28,1,113,2022,13,120
858103,2023-01-28,3,122,2022,20,115
858104,2023-01-28,22,109,2022,5,128
858105,2023-01-28,25,105,2022,28,123
858106,2023-01-29,4,122,2022,16,117
858107,2023-01-29,15,112,2022,12,100
858108,2023-01-29,17,135,2022,19,110
858109,2023-01-29,6,122,2022,13,99
858110,2023-01-30,23,109,2022,22,119
858111,2023-01-30,21,120,2022,10,128
858112,2023-01-30,27,106,2022,30,127
858113,2023-01-30,7,111,2022,9,105
858114,2023-01-30,24,114,2022,28,106
858115,2023-01-30,3,121,2022,14,104
858116,2023-01-30,25,129,2022,1,125
858117,2023-01-30,18,111,2022,26,118
858118,2023-01-31,5,103,2022,13,108
858119,2023-01-31,6,97,2022,16,100
858120,2023-01-31,8,122,2022,19,113
858121,2023-01-31,20,123,2022,14,129
858122,2023-01-31,17,124,2022,4,115
858123,2023-02-01,24,100,2022,1,132
858124,2023-02-01,29,131,2022,28,128
858125,2023-02-01,9,117,2022,30,119
858126,2023-02-01,27,109,2022,26,119
858127,2023-02-01,15,112,2022,25,122
858128,2023-02-01,2,139,2022,3,96
858129,2023-02-01,11,112,2022,21,106
858130,2023-02-01,18,119,2022,10,114
858131,2023-02-01,23,105,2022,22,94
858132,2023-02-02,20,106,2022,16,104
858133,2023-02-02,8,134,2022,10,117
858134,2023-02-02,12,111,2022,14,112
858135,2023-02-02,5,114,2022,4,98
858136,2023-02-02,6,128,2022,15,113
858137,2023-02-02,17,106,2022,13,105
858138,2023-02-02,7,111,2022,19,106
858139,2023-02-03,29,108,2022,1,115
858140,2023-02-03,11,111,2022,28,117
858141,2023-02-03,18,120,2022,22,127
858142,2023-02-03,2,94,2022,24,106
858143,2023-02-03,27,125,2022,23,137
858144,2023-02-03,9,118,2022,4,112
858145,2023-02-03,12,107,2022,26,104
858146,2023-02-03,30,116,2022,25,124
858147,2023-02-04,20,128,2022,13,134
858148,2023-02-04,8,128,2022,1,108
858149,2023-02-04,3,125,2022,30,123
858150,2023-02-04,5,129,2022,25,121
858151,2023-02-04,9,100,2022,24,116
858152,2023-02-04,10,119,2022,7,113
858153,2023-02-04,19,131,2022,14,126
858154,2023-02-04,17,123,2022,16,115
858155,2023-02-04,21,153,2022,11,121
858156,2023-02-05,19,136,2022,26,104
858157,2023-02-05,15,103,2022,28,106
858158,2023-02-05,12,103,2022,6,122
858159,2023-02-05,18,128,2022,8,98
858160,2023-02-05,4,113,2022,22,119
858161,2023-02-05,20,108,2022,23,97
858162,2023-02-06,25,108,2022,17,127
858163,2023-02-06,3,116,2022,13,124
858164,2023-02-06,11,120,2022,26,140
858165,2023-02-06,9,99,2022,2,111
858166,2023-02-06,29,111,2022,7,124
858167,2023-02-06,5,128,2022,27,104
858168,2023-02-06,30,91,2022,6,114
858169,2023-02-06,10,141,2022,21,114
858170,2023-02-07,8,146,2022,18,112
858171,2023-02-07,19,116,2022,1,107
858172,2023-02-07,3,112,2022,24,116
858173,2023-02-07,15,104,2022,5,89
858174,2023-02-07,14,130,2022,21,133
858175,2023-02-07,22,98,2022,20,102
858176,2023-02-08,6,113,2022,9,85
858177,2023-02-08,30,118,2022,4,104
858178,2023-02-08,25,125,2022,10,122
858179,2023-02-08,13,104,2022,7,110
858180,2023-02-08,29,118,2022,18,143
858181,2023-02-08,28,112,2022,27,98
858182,2023-02-08,16,116,2022,12,111
858183,2023-02-08,2,106,2022,23,99
858184,2023-02-08,11,128,2022,26,130
858185,2023-02-09,1,116,2022,24,107
858186,2023-02-09,3,116,2022,5,105
858187,2023-02-09,22,115,2022,8,104
858188,2023-02-09,14,106,2022,17,115
858189,2023-02-10,16,97,2022,11,95
858190,2023-02-10,15,128,2022,18,107
858191,2023-02-10,12,104,2022,24,117
858192,2023-02-10,9,138,2022,27,131
858193,2023-02-10,23,119,2022,20,108
858194,2023-02-10,19,107,2022,6,118
858195,2023-02-10,2,127,2022,4,116
858196,2023-02-10,26,114,2022,7,122
858197,2023-02-10,25,129,2022,21,138
858198,2023-02-10,28,116,2022,29,122
858199,2023-02-10,13,106,2022,17,119
858200,2023-02-11,3,98,2022,23,101
858201,2023-02-11,30,127,2022,12,113
858202,2023-02-11,10,103,2022,14,109
858203,2023-02-11,6,97,2022,5,89
858204,2023-02-11,20,126,2022,29,120
858205,2023-02-11,22,103,2022,16,107
858206,2023-02-11,4,105,2022,8,119
858207,2023-02-11,1,125,2022,27,106
858208,2023-02-11,26,133,2022,7,128
858209,2023-02-12,28,119,2022,9,118
858210,2023-02-12,2,119,2022,15,109
858211,2023-02-13,7,121,2022,18,124
858212,2023-02-13,10,135,2022,30,126
858213,2023-02-13,6,117,2022,27,109
858214,2023-02-13,16,108,2022,8,112
858215,2023-02-13,23,123,2022,11,104
858216,2023-02-13,4,144,2022,1,138
858217,2023-02-13,20,124,2022,3,106
858218,2023-02-13,5,91,2022,22,100
858219,2023-02-13,21,100,2022,19,103
858220,2023-02-13,12,117,2022,29,123
858221,2023-02-13,25,127,2022,14,115
858222,2023-02-14,28,123,2022,22,113
858223,2023-02-14,25,101,2022,30,126
858224,2023-02-14,17,131,2022,2,125
858225,2023-02-14,24,120,2022,26,109
858226,2023-02-14,13,134,2022,10,124
858227,2023-02-15,14,120,2022,19,102
858228,2023-02-15,2,127,2022,9,109
858229,2023-02-15,3,116,2022,16,105
858230,2023-02-15,4,120,2022,27,110
858231,2023-02-15,23,118,2022,6,112
858232,2023-02-15,1,101,2022,20,122
858233,2023-02-15,15,117,2022,29,111
858234,2023-02-15,21,133,2022,11,96
858235,2023-02-15,12,117,2022,5,113
858236,2023-02-15,8,118,2022,7,109
858237,2023-02-16,5,100,2022,17,112
858238,2023-02-16,24,107,2022,13,116
858239,2023-02-16,18,106,2022,30,114
858240,2023-02-23,7,142,2022,27,116
858241,2023-02-23,29,120,2022,21,119
858242,2023-02-23,23,110,2022,15,105
858243,2023-02-23,6,109,2022,8,115
858244,2023-02-23,28,115,2022,19,110
858245,2023-02-23,14,124,2022,10,111
858246,2023-02-23,12,138,2022,2,142
858247,2023-02-23,26,133,2022,25,116
858248,2023-02-23,22,108,2022,9,106
858249,2023-02-24,1,136,2022,6,119
858250,2023-02-24,30,109,2022,20,115
858251,2023-02-24,13,175,2022,26,176
858252,2023-02-24,24,124,2022,21,115
858253,2023-02-24,17,128,2022,16,99
858254,2023-02-24,18,113,2022,4,121
858255,2023-02-24,5,131,2022,3,87
858256,2023-02-24,10,116,2022,11,101
858257,2023-02-25,9,91,2022,28,95
858258,2023-02-25,22,108,2022,12,121
858259,2023-02-25,4,108,2022,16,103
858260,2023-02-25,23,107,2022,2,110
858261,2023-02-25,29,118,2022,27,102
858262,2023-02-25,20,128,2022,19,106
858263,2023-02-25,15,112,2022,8,94
858264,2023-02-26,8,134,2022,13,124
858265,2023-02-26,10,109,2022,18,104
858266,2023-02-26,1,129,2022,3,127
858267,2023-02-26,17,104,2022,24,101
858268,2023-02-26,7,108,2022,14,111
858269,2023-02-26,5,102,2022,30,82
858270,2023-02-26,6,118,2022,28,93
858271,2023-02-26,25,131,2022,11,114
858272,2023-02-26,21,115,2022,26,124
858273,2023-02-27,20,109,2022,2,94
858274,2023-02-27,19,93,2022,22,101
858275,2023-02-27,23,99,2022,16,101
858276,2023-02-27,4,117,2022,9,106
858277,2023-02-28,29,94,2022,27,102
858278,2023-02-28,13,101,2022,18,108
858279,2023-02-28,11,112,2022,8,133
858280,2023-02-28,1,116,2022,30,119
858281,2023-02-28,7,122,2022,12,124
858282,2023-02-28,3,104,2022,17,118
858283,2023-02-28,21,117,2022,26,123
858284,2023-02-28,15,121,2022,14,109
858285,2023-02-28,28,104,2022,5,98
858286,2023-02-28,10,123,2022,25,105
858287,2023-03-01,25,110,2022,19,121
858288,2023-03-01,20,142,2022,3,118
858289,2023-03-01,16,96,2022,23,119
858290,2023-03-01,2,117,2022,6,113
858291,2023-03-01,17,139,2022,22,117
858292,2023-03-01,21,117,2022,14,123
858293,2023-03-01,11,99,2022,15,113
858294,2023-03-01,9,115,2022,5,117
858295,2023-03-01,4,91,2022,24,105
858296,2023-03-02,30,119,2022,28,108
858297,2023-03-02,27,110,2022,12,99
858298,2023-03-02,10,115,2022,13,91
858299,2023-03-02,7,133,2022,23,126
858300,2023-03-03,26,128,2022,13,127
858301,2023-03-03,14,102,2022,18,110
858302,2023-03-03,4,106,2022,22,117
858303,2023-03-03,1,129,2022,25,111
858304,2023-03-03,5,104,2022,24,125
858305,2023-03-03,16,120,2022,20,122
858306,2023-03-03,8,113,2022,15,97
858307,2023-03-03,2,105,2022,3,115
858308,2023-03-03,21,130,2022,29,103
858309,2023-03-03,10,108,2022,19,99
858310,2023-03-04,17,130,2022,23,133
858311,2023-03-04,30,109,2022,28,116
858312,2023-03-04,26,134,2022,18,138
858313,2023-03-04,27,110,2022,11,122
858314,2023-03-04,16,117,2022,1,109
858315,2023-03-04,6,114,2022,9,90
858316,2023-03-05,2,129,2022,20,131
858317,2023-03-05,14,113,2022,10,105
858318,2023-03-05,21,129,2022,29,119
858319,2023-03-05,7,126,2022,24,130
858320,2023-03-05,5,122,2022,12,125
858321,2023-03-05,11,142,2022,27,110
858322,2023-03-05,3,102,2022,4,86
858323,2023-03-05,22,119,2022,25,122
858324,2023-03-05,13,135,2022,15,129
858325,2023-03-06,30,111,2022,17,117
858326,2023-03-06,16,130,2022,1,128
858327,2023-03-06,8,118,2022,28,113
858328,2023-03-06,6,118,2022,2,114
858329,2023-03-06,26,123,2022,19,108
858330,2023-03-06,12,143,2022,23,147
858331,2023-03-07,20,105,2022,4,112
858332,2023-03-07,9,104,2022,25,110
858333,2023-03-07,21,137,2022,10,128
858334,2023-03-07,18,94,2022,23,117
858335,2023-03-07,11,96,2022,3,118
858336,2023-03-07,7,120,2022,29,116
858337,2023-03-07,22,123,2022,17,134
858338,2023-03-07,14,112,2022,15,103
858339,2023-03-08,16,100,2022,6,104
858340,2023-03-08,19,113,2022,7,106
858341,2023-03-08,30,120,2022,1,122
858342,2023-03-08,8,96,2022,5,117
858343,2023-03-08,2,115,2022,25,93
858344,2023-03-08,24,132,2022,21,101
858345,2023-03-08,13,108,2022,28,100
858346,2023-03-09,9,103,2022,4,113
858347,2023-03-09,22,124,2022,29,131
858348,2023-03-09,26,122,2022,20,117
858349,2023-03-09,15,131,2022,10,110
858350,2023-03-09,12,134,2022,11,125
858351,2023-03-09,17,118,2022,3,113
858352,2023-03-10,18,123,2022,3,124
858353,2023-03-10,14,122,2022,28,112
858354,2023-03-10,30,107,2022,1,114
858355,2023-03-10,27,128,2022,8,120
858356,2023-03-10,23,120,2022,25,119
858357,2023-03-10,16,119,2022,6,115
858358,2023-03-11,10,125,2022,17,116
858359,2023-03-11,24,119,2022,26,128
858360,2023-03-11,13,106,2022,20,95
858361,2023-03-11,9,115,2022,12,121
858362,2023-03-11,19,96,2022,21,110
858363,2023-03-11,22,126,2022,16,114
858364,2023-03-11,4,111,2022,29,119
858365,2023-03-11,11,111,2022,5,119
858366,2023-03-11,1,125,2022,2,134
858367,2023-03-11,15,112,2022,7,108
858368,2023-03-12,23,112,2022,30,93
858369,2023-03-12,8,120,2022,3,122
858370,2023-03-12,19,127,2022,25,110
858371,2023-03-12,27,90,2022,21,102
858372,2023-03-12,4,108,2022,6,114
858373,2023-03-12,14,108,2022,20,112
858374,2023-03-13,16,119,2022,29,115
858375,2023-03-13,10,123,2022,24,112
858376,2023-03-13,11,111,2022,2,109
858377,2023-03-13,1,115,2022,18,136
858378,2023-03-13,7,88,2022,15,104
858379,2023-03-13,9,117,2022,12,97
858380,2023-03-13,26,124,2022,17,133
858381,2023-03-14,21,121,2022,3,107
858382,2023-03-14,19,108,2022,14,123
858383,2023-03-14,4,104,2022,6,120
858384,2023-03-14,27,132,2022,22,114
858385,2023-03-14,30,117,2022,9,97
858386,2023-03-14,28,125,2022,8,110
858387,2023-03-14,24,104,2022,17,116
858388,2023-03-14,25,107,2022,20,123
858389,2023-03-15,27,128,2022,7,137
858390,2023-03-15,18,102,2022,2,104
858391,2023-03-15,11,114,2022,14,110
858392,2023-03-15,13,134,2022,10,126
858393,2023-03-15,6,109,2022,23,118
858394,2023-03-15,16,138,2022,15,119
858395,2023-03-15,5,114,2022,26,117
858396,2023-03-16,17,123,2022,12,139
858397,2023-03-16,24,116,2022,22,113
858398,2023-03-16,9,100,2022,8,119
858399,2023-03-16,28,128,2022,21,111
858400,2023-03-16,3,96,2022,26,101
858401,2023-03-17,5,139,2022,18,131
858402,2023-03-17,6,117,2022,30,94
858403,2023-03-17,25,112,2022,2,126
858404,2023-03-17,14,110,2022,7,111
858405,2023-03-17,11,114,2022,19,112
858406,2023-03-17,1,127,2022,10,119
858407,2023-03-17,27,120,2022,15,126
858408,2023-03-17,4,82,2022,23,121
858409,2023-03-18,12,121,2022,23,141
858410,2023-03-18,30,118,2022,26,132
858411,2023-03-18,20,116,2022,8,110
858412,2023-03-18,5,113,2022,16,99
858413,2023-03-18,13,108,2022,22,113
858414,2023-03-18,15,133,2022,10,119
858415,2023-03-18,28,122,2022,18,107
858416,2023-03-18,29,118,2022,2,117
858417,2023-03-19,27,126,2022,1,118
858418,2023-03-19,11,107,2022,19,117
858419,2023-03-19,9,100,2022,16,112
858420,2023-03-19,14,111,2022,22,105
858421,2023-03-19,25,102,2022,13,117
858422,2023-03-19,21,124,2022,24,120
858423,2023-03-19,17,118,2022,28,111
858424,2023-03-19,3,102,2022,8,108
858425,2023-03-20,4,115,2022,12,109
858426,2023-03-20,23,105,2022,5,109
858427,2023-03-20,15,112,2022,7,108
858428,2023-03-20,20,134,2022,18,140
858429,2023-03-20,29,128,2022,26,120
858430,2023-03-20,11,108,2022,10,121
858431,2023-03-21,3,109,2022,6,115
858432,2023-03-21,22,122,2022,30,112
858433,2023-03-21,1,129,2022,9,107
858434,2023-03-21,26,109,2022,2,132
858435,2023-03-21,19,119,2022,27,84
858436,2023-03-21,13,100,2022,21,101
858437,2023-03-22,29,115,2022,25,127
858438,2023-03-22,14,122,2022,24,111
858439,2023-03-22,30,104,2022,8,118
858440,2023-03-22,16,127,2022,20,120
858441,2023-03-22,28,114,2022,12,118
858442,2023-03-22,17,130,2022,27,94
858443,2023-03-22,15,130,2022,11,125
858444,2023-03-22,7,125,2022,10,127
858445,2023-03-22,5,91,2022,23,116
858446,2023-03-22,18,125,2022,1,124
858447,2023-03-23,22,111,2022,20,106
858448,2023-03-23,19,115,2022,4,96
858449,2023-03-23,13,127,2022,21,105
858450,2023-03-23,3,114,2022,6,116
858451,2023-03-24,14,116,2022,21,111
858452,2023-03-24,25,96,2022,5,124
858453,2023-03-24,28,118,2022,9,97
858454,2023-03-24,10,120,2022,23,112
858455,2023-03-24,7,109,2022,4,117
858456,2023-03-24,15,151,2022,11,114
858457,2023-03-24,2,120,2022,12,95
858458,2023-03-24,29,116,2022,17,144
858459,2023-03-24,30,136,2022,27,124
858460,2023-03-24,26,135,2022,24,127
858461,2023-03-25,1,143,2022,12,130
858462,2023-03-25,24,125,2022,23,105
858463,2023-03-25,8,129,2022,17,106
858464,2023-03-25,13,110,2022,19,131
858465,2023-03-25,26,121,2022,29,113
858466,2023-03-25,16,100,2022,3,129
858467,2023-03-26,10,96,2022,18,99
858468,2023-03-26,2,137,2022,27,93
858469,2023-03-26,22,119,2022,3,106
858470,2023-03-26,14,108,2022,5,118
858471,2023-03-26,4,110,2022,7,104
858472,2023-03-26,6,108,2022,11,91
858473,2023-03-26,28,114,2022,30,104
858474,2023-03-26,1,119,2022,15,123
858475,2023-03-26,25,112,2022,21,118
858476,2023-03-27,9,117,2022,17,126
858477,2023-03-27,8,116,2022,23,111
858478,2023-03-27,26,115,2022,18,119
858479,2023-03-27,20,137,2022,11,115
858480,2023-03-27,29,103,2022,24,117
858481,2023-03-27,25,90,2022,19,124
858482,2023-03-27,13,124,2022,5,112
858483,2023-03-27,12,104,2022,7,127
858484,2023-03-28,1,120,2022,6,118
858485,2023-03-28,28,106,2022,16,92
858486,2023-03-28,10,120,2022,19,109
858487,2023-03-28,30,130,2022,2,111
858488,2023-03-28,21,134,2022,4,137
858489,2023-03-28,15,113,2022,22,108
858490,2023-03-29,24,107,2022,18,100
858491,2023-03-29,25,80,2022,26,120
858492,2023-03-29,23,116,2022,7,108
858493,2023-03-29,15,132,2022,13,141
858494,2023-03-29,12,136,2022,17,149
858495,2023-03-29,21,107,2022,9,106
858496,2023-03-29,5,110,2022,14,121
858497,2023-03-29,20,101,2022,16,92
858498,2023-03-29,3,123,2022,11,114
858499,2023-03-29,27,117,2022,29,128
858500,2023-03-30,8,88,2022,19,107
858501,2023-03-30,17,99,2022,2,140
858502,2023-03-31,15,108,2022,13,94
858503,2023-03-31,18,111,2022,14,123
858504,2023-03-31,6,116,2022,20,130
858505,2023-03-31,23,117,2022,28,110
858506,2023-03-31,2,122,2022,29,114
858507,2023-03-31,11,121,2022,9,115
858508,2023-03-31,3,124,2022,1,107
858509,2023-03-31,12,121,2022,21,117
858510,2023-03-31,4,91,2022,5,121
858511,2023-03-31,30,109,2022,22,116
858512,2023-03-31,10,130,2022,27,115
858513,2023-03-31,25,114,2022,26,138
858514,2023-03-31,24,100,2022,8,93
858515,2023-04-01,19,122,2022,13,114
858516,2023-04-01,16,129,2022,7,122
858517,2023-04-02,5,128,2022,15,107
858518,2023-04-02,11,109,2022,14,134
858519,2023-04-02,3,111,2022,29,110
858520,2023-04-02,4,108,2022,28,128
858521,2023-04-02,20,118,2022,30,109
858522,2023-04-02,21,118,2022,24,128
858523,2023-04-02,18,105,2022,25,107
858524,2023-04-02,1,132,2022,7,130
858525,2023-04-02,26,134,2022,27,142
858526,2023-04-02,22,128,2022,9,102
858527,2023-04-02,6,115,2022,12,105
858528,2023-04-02,17,117,2022,23,104
858529,2023-04-02,8,112,2022,10,110
858530,2023-04-04,11,124,2022,8,103
858531,2023-04-04,22,113,2022,6,117
858532,2023-04-04,9,105,2022,16,118
858533,2023-04-04,4,100,2022,28,120
858534,2023-04-04,5,105,2022,1,123
858535,2023-04-04,23,103,2022,2,101
858536,2023-04-04,3,102,2022,18,107
858537,2023-04-04,19,103,2022,26,121
858538,2023-04-04,15,119,2022,25,109
858539,2023-04-04,30,128,2022,17,140
858540,2023-04-04,29,133,2022,14,135
858541,2023-04-04,10,136,2022,21,125
858542,2023-04-04,24,115,2022,27,94
858543,2023-04-05,9,108,2022,3,123
858544,2023-04-05,1,134,2022,30,116
858545,2023-04-05,2,97,2022,28,93
858546,2023-04-05,19,138,2022,15,131
858547,2023-04-05,12,129,2022,20,138
858548,2023-04-05,7,123,2022,26,119
858549,2023-04-05,13,125,2022,14,118
858550,2023-04-05,17,105,2022,5,92
858551,2023-04-06,29,98,2022,21,114
858552,2023-04-06,24,119,2022,8,115
858553,2023-04-06,27,129,2022,25,127
858554,2023-04-06,22,94,2022,6,118
858555,2023-04-06,23,101,2022,16,129
858556,2023-04-07,17,114,2022,15,137
858557,2023-04-07,19,113,2022,20,105
858558,2023-04-07,1,131,2022,23,136
858559,2023-04-07,7,112,2022,5,115
858560,2023-04-07,2,121,2022,28,102
858561,2023-04-07,30,114,2022,16,108
858562,2023-04-07,4,109,2022,11,112
858563,2023-04-07,26,97,2022,10,119
858564,2023-04-07,3,101,2022,22,84
858565,2023-04-07,12,115,2022,9,122
858566,2023-04-07,14,121,2022,24,107
858567,2023-04-08,29,118,2022,8,114
858568,2023-04-08,27,131,2022,18,151
858569,2023-04-08,13,136,2022,25,125
858570,2023-04-09,6,95,2022,4,106
858571,2023-04-09,7,117,2022,27,138
858572,2023-04-09,16,123,2022,22,110
858573,2023-04-09,28,121,2022,17,105
858574,2023-04-09,2,120,2022,1,114
858575,2023-04-09,5,103,2022,9,81
858576,2023-04-09,30,109,2022,11,114
858577,2023-04-09,3,105,2022,23,134
858578,2023-04-09,18,113,2022,19,108
858579,2023-04-09,20,136,2022,12,141
858580,2023-04-09,21,115,2022,15,100
858581,2023-04-09,8,109,2022,26,95
858582,2023-04-09,25,101,2022,10,157
858583,2023-04-09,14,128,2022,29,117
858584,2023-04-09,24,114,2022,13,119
890550,2023-04-11,16,105,2022,1,116
890551,2023-04-11,14,108,2022,18,102
890552,2023-04-12,28,105,2022,5,109
890553,2023-04-12,19,118,2022,21,123
890554,2023-04-15,23,121,2022,3,101
890555,2023-04-15,6,97,2022,20,101
890556,2023-04-15,26,126,2022,10,123
890557,2023-04-16,24,110,2022,13,115
891700,2023-04-15,2,112,2022,1,99
891774,2023-04-16,15,112,2022,14,128
892493,2023-04-17,23,96,2022,3,84
892494,2023-04-17,26,114,2022,10,106
892495,2023-04-18,2,119,2022,1,106
892496,2023-04-18,6,107,2022,20,90
892497,2023-04-18,24,123,2022,13,109
892498,2023-04-19,15,103,2022,14,93
892499,2023-04-20,3,97,2022,23,102
892500,2023-04-20,10,114,2022,26,97
892501,2023-04-20,13,124,2022,24,129
892502,2023-04-21,1,130,2022,2,122
892503,2023-04-21,20,99,2022,6,79
892504,2023-04-22,3,88,2022,23,96
892505,2023-04-22,14,111,2022,15,101
892506,2023-04-22,13,100,2022,24,112
892507,2023-04-23,1,121,2022,2,129
892508,2023-04-23,20,102,2022,6,93
892509,2023-04-23,10,126,2022,26,125
892511,2023-04-24,14,117,2022,15,111
892512,2023-04-25,2,117,2022,1,119
892513,2023-04-25,24,136,2022,13,130
892514,2023-04-26,6,95,2022,20,106
892515,2023-04-26,15,116,2022,14,99
892516,2023-04-26,26,116,2022,10,123
892517,2023-04-27,1,120,2022,2,128
892521,2023-04-28,14,125,2022,15,85
892522,2023-04-28,10,99,2022,26,118
892528,2023-04-30,26,100,2022,10,120
894221,2023-04-14,16,102,2022,5,91
894953,2023-04-14,18,120,2022,21,95
906726,2023-04-16,17,117,2022,16,130
906734,2023-04-19,17,138,2022,16,122
906741,2023-04-22,16,121,2022,17,99
906748,2023-04-24,16,119,2022,17,114
906753,2023-04-26,17,126,2022,16,128
907511,2023-04-16,8,109,2022,18,80
907520,2023-04-19,8,122,2022,18,113
907527,2023-04-21,18,111,2022,8,120
907534,2023-04-23,18,114,2022,8,108
907540,2023-04-25,8,112,2022,18,109
967800,2023-04-29,8,125,2022,24,107
967805,2023-05-01,8,97,2022,24,87
967806,2023-05-05,24,121,2022,8,114
967807,2023-05-07,24,129,2022,8,124
967808,2023-05-09,8,118,2022,24,102
967809,2023-05-11,24,100,2022,8,125
970431,2023-04-30,20,101,2022,16,108
970433,2023-05-02,20,111,2022,16,105
970435,2023-05-06,16,105,2022,20,86
970437,2023-05-08,16,109,2022,20,101
970439,2023-05-10,20,112,2022,16,103
970441,2023-05-12,16,96,2022,20,92
972853,2023-05-01,2,115,2022,23,119
972856,2023-05-03,2,121,2022,23,87
972857,2023-05-05,23,102,2022,2,114
972860,2023-05-07,23,116,2022,2,115
972863,2023-05-09,2,103,2022,23,115
972866,2023-05-11,23,86,2022,2,95
972869,2023-05-14,2,112,2022,23,88
981609,2023-05-02,10,112,2022,14,117
981611,2023-05-04,10,127,2022,14,100
981615,2023-05-06,14,127,2022,10,97
981619,2023-05-08,14,104,2022,10,101
981623,2023-05-10,10,121,2022,14,106
981627,2023-05-12,14,122,2022,10,101
1007815,2023-05-16,8,132,2022,14,126
1007816,2023-05-17,2,116,2022,16,123
1007817,2023-05-18,8,108,2022,14,103
1007818,2023-05-19,2,105,2022,16,111
1007819,2023-05-20,14,108,2022,8,119
1007820,2023-05-21,16,128,2022,2,102
1007821,2023-05-22,14,111,2022,8,113
1007822,2023-05-23,16,99,2022,2,116
1007824,2023-05-25,2,110,2022,16,97
1007826,2023-05-27,16,103,2022,2,104
1007828,2023-05-29,2,84,2022,16,103
1011165,2023-06-01,8,104,2022,16,93
1011166,2023-06-04,8,108,2022,16,111
1011167,2023-06-07,16,94,2022,8,109
1011168,2023-06-09,16,95,2022,8,108
1011169,2023-06-12,8,94,2022,16,89
